

INSERT INTO `sections` (`id`, `type`, `image`, `image2`, `icon`, `link`, `video`, `createdBy`, `editeBy`, `rank`, `status`, `mainPage`, `deleteItem`, `created_at`, `updated_at`, `deleted_at`) VALUES
(1, NULL, 'XgLhOZDUHVY76HHAcXG5JEZHrxxTgceeAOZy9Pfv.jpg', 'default.png', 'QT13954LFhI54HFuBsZauKKvaL6TYDOHAteI78oe.jpg', NULL, NULL, NULL, NULL, 0, 'active', 'active', 'inactive', '2023-03-10 15:53:27', '2023-03-12 10:50:13', NULL),
(2, NULL, 'YLSU5CHmSVOBFuj8ANqatU7Hiim0tvYQEMWZay7Z.jpg', 'default.png', 'StSCzqIDSyqnyBh5sZXR0YXwj1EtZuDliAHAWGeF.jpg', NULL, NULL, NULL, NULL, 0, 'active', 'active', 'inactive', '2023-03-10 15:53:27', '2023-03-12 10:50:37', NULL),
(3, NULL, 'lVOeZWiEbM5Mm9vcZHxsOeA81uepHOElNZgDH6jS.jpg', 'default.png', NULL, NULL, NULL, NULL, NULL, 0, 'active', 'active', 'inactive', '2023-03-10 15:53:27', '2023-03-12 10:50:46', NULL);


INSERT INTO `section_translations` (`id`, `title`, `short_description`, `description`, `seo_key`, `seo_des`, `section_id`, `locale`, `created_at`, `updated_at`) VALUES
(1, 'طلب سعر تصنيع', NULL, 'هنالك العديد من الأنواع المتوفرة لنصوص لوريم إيبسوم، ولكن الغالبية تم تعديلها بشكل ما عبر إدخال بعض النوادر أو الكلمات العشوائية إلى النص. إن كنت تريد أن تستخدم نص لوريم إيبسوم ما، عليك أن تتحقق أولاً أن ليس هناك أي كلمات أو عبارات محرجة أو غير لائقة مخبأة في هذا النص. بينما تعمل جميع مولّدات نصوص لوريم', NULL, NULL, 1, 'ar', NULL, NULL),
(2, 'طلب سعر تصنيع', NULL, 'هنالك العديد من الأنواع المتوفرة لنصوص لوريم إيبسوم، ولكن الغالبية تم تعديلها بشكل ما عبر إدخال بعض النوادر أو الكلمات العشوائية إلى النص. إن كنت تريد أن تستخدم نص لوريم إيبسوم ما، عليك أن تتحقق أولاً أن ليس هناك أي كلمات أو عبارات محرجة أو غير لائقة مخبأة في هذا النص. بينما تعمل جميع مولّدات نصوص لوريم', NULL, NULL, 1, 'en', NULL, NULL),
(3, 'تصنيف رئيسي 1', NULL, 'هنالك العديد من الأنواع المتوفرة لنصوص لوريم إيبسوم، ولكن الغالبية تم تعديلها بشكل ما عبر إدخال بعض النوادر أو الكلمات العشوائية إلى النص. إن كنت تريد أن تستخدم نص لوريم إيبسوم ما، عليك أن تتحقق أولاً أن ليس هناك أي كلمات أو عبارات محرجة أو غير لائقة مخبأة في هذا النص. بينما تعمل جميع مولّدات نصوص لوريم', NULL, NULL, 2, 'ar', NULL, NULL),
(4, 'تصنيف رئيسي 1', NULL, 'هنالك العديد من الأنواع المتوفرة لنصوص لوريم إيبسوم، ولكن الغالبية تم تعديلها بشكل ما عبر إدخال بعض النوادر أو الكلمات العشوائية إلى النص. إن كنت تريد أن تستخدم نص لوريم إيبسوم ما، عليك أن تتحقق أولاً أن ليس هناك أي كلمات أو عبارات محرجة أو غير لائقة مخبأة في هذا النص. بينما تعمل جميع مولّدات نصوص لوريم', NULL, NULL, 2, 'en', NULL, NULL),
(5, 'تصنيف رئيسي 2', NULL, 'هنالك العديد من الأنواع المتوفرة لنصوص لوريم إيبسوم، ولكن الغالبية تم تعديلها بشكل ما عبر إدخال بعض النوادر أو الكلمات العشوائية إلى النص. إن كنت تريد أن تستخدم نص لوريم إيبسوم ما، عليك أن تتحقق أولاً أن ليس هناك أي كلمات أو عبارات محرجة أو غير لائقة مخبأة في هذا النص. بينما تعمل جميع مولّدات نصوص لوريم', NULL, NULL, 3, 'ar', NULL, NULL),
(6, 'تصنيف رئيسي 2', NULL, 'هنالك العديد من الأنواع المتوفرة لنصوص لوريم إيبسوم، ولكن الغالبية تم تعديلها بشكل ما عبر إدخال بعض النوادر أو الكلمات العشوائية إلى النص. إن كنت تريد أن تستخدم نص لوريم إيبسوم ما، عليك أن تتحقق أولاً أن ليس هناك أي كلمات أو عبارات محرجة أو غير لائقة مخبأة في هذا النص. بينما تعمل جميع مولّدات نصوص لوريم', NULL, NULL, 3, 'en', NULL, NULL);

INSERT INTO `categories` (`id`, `section_id`, `type`, `image`, `image2`, `icon`, `link`, `video`, `createdBy`, `editeBy`, `rank`, `status`, `mainPage`, `deleteItem`, `created_at`, `updated_at`, `deleted_at`) VALUES
(1, 1, NULL, 'SwmWM54p0vfj8KEQPdzH1cJMSBbbNP0XvQQekODq.jpg', 'default.png', '3rrXHujfReTs6UPCQPM5u75adDxJ0fg5zJr3ZEnl.png', NULL, NULL, NULL, NULL, 0, 'active', 'active', 'inactive', '2023-03-10 15:53:27', '2023-03-11 06:19:13', NULL),
(2, 1, NULL, 'Mi9QSXaM3Cn8x9IkIgTFHMzE1pcrHBQFDRkPZ2Od.jpg', 'default.png', 'xvx5i99iqXmtUSpxm4267TYsUdskWBz3EhKBzU4N.png', NULL, NULL, NULL, NULL, 0, 'active', 'active', 'inactive', '2023-03-10 15:53:27', '2023-03-11 06:19:36', NULL),
(3, 1, NULL, '0Ql9KsP5t8ouEBTlDjb7uzA3K1cSbRFCkAMO637W.jpg', 'default.png', 'jtnWXA62fT688EbQ4Liw7mWrCRktg6gc0tCCOr6Z.png', NULL, NULL, NULL, NULL, 0, 'active', 'active', 'inactive', '2023-03-10 15:53:27', '2023-03-11 06:20:06', NULL);

INSERT INTO `category_translations` (`id`, `title`, `short_description`, `description`, `seo_key`, `seo_des`, `category_id`, `locale`, `created_at`, `updated_at`) VALUES
(1, 'نماذج اولية سريعة', 'يمكن استيراد تصميمات متعددة لأجزاء مختلفة في نفس الوقت لإنتاج عرض أسعار واحد. في أقل من دقيقة ، يظهر تقدير تفصيلي للتكلفة على الشاشة', '<div>هنالك العديد من الأنواع المتوفرة لنصوص لوريم إيبسوم، ولكن الغالبية تم تعديلها بشكل ما عبر إدخال بعض النوادر أو الكلمات العشوائية إلى النص. إن كنت تريد أن تستخدم نص لوريم إيبسوم ما، عليك أن تتحقق أولاً أن ليس هناك أي كلمات أو عبارات محرجة أو غير لائقة مخبأة في هذا النص. بينما تعمل جميع مولّدات نصوص لوريم إيبسوم على الإنترنت على إعادة تكرار مقاطع من نص لوريم إيبسوم نفسه عدة مرات بما تتطلبه الحاجة، يقوم مولّدنا هذا باستخدام كلمات من قاموس يحوي على أكثر من 200 كلمة لا تينية، مضاف إليها مجموعة من الجمل النموذجية، لتكوين نص لوريم إيبسوم ذو شكل منطقي قريب إلى النص الحقيقي. وبالتالي يكون النص الناتح خالي من التكرار، أو أي كلمات أو عبارات غير لائقة أو ما شابه. وهذا ما يجعله أول مولّد نص لوريم إيبسوم حقيقي على الإنترنت.</div><div><br></div>', NULL, NULL, 1, 'ar', NULL, NULL),
(2, 'Rapid prototyping', 'يمكن استيراد تصميمات متعددة لأجزاء مختلفة في نفس الوقت لإنتاج عرض أسعار واحد. في أقل من دقيقة ، يظهر تقدير تفصيلي للتكلفة على الشاشة', '<div>هنالك العديد من الأنواع المتوفرة لنصوص لوريم إيبسوم، ولكن الغالبية تم تعديلها بشكل ما عبر إدخال بعض النوادر أو الكلمات العشوائية إلى النص. إن كنت تريد أن تستخدم نص لوريم إيبسوم ما، عليك أن تتحقق أولاً أن ليس هناك أي كلمات أو عبارات محرجة أو غير لائقة مخبأة في هذا النص. بينما تعمل جميع مولّدات نصوص لوريم إيبسوم على الإنترنت على إعادة تكرار مقاطع من نص لوريم إيبسوم نفسه عدة مرات بما تتطلبه الحاجة، يقوم مولّدنا هذا باستخدام كلمات من قاموس يحوي على أكثر من 200 كلمة لا تينية، مضاف إليها مجموعة من الجمل النموذجية، لتكوين نص لوريم إيبسوم ذو شكل منطقي قريب إلى النص الحقيقي. وبالتالي يكون النص الناتح خالي من التكرار، أو أي كلمات أو عبارات غير لائقة أو ما شابه. وهذا ما يجعله أول مولّد نص لوريم إيبسوم حقيقي على الإنترنت.</div><div><br></div>', NULL, NULL, 1, 'en', NULL, NULL),
(3, 'قطع ومنتجات منخفضة ومتوسطة الإنتاج', 'هنالك العديد من الأنواع المتوفرة لنصوص لوريم إيبسوم، ولكن الغالبية تم تعديلها بشكل ما عبر إدخال بعض النوادر أو الكلمات العشوائية إلى النص. إن كنت تريد أن تستخدم نص لوريم إيبسوم', '<div>هنالك العديد من الأنواع المتوفرة لنصوص لوريم إيبسوم، ولكن الغالبية تم تعديلها بشكل ما عبر إدخال بعض النوادر أو الكلمات العشوائية إلى النص. إن كنت تريد أن تستخدم نص لوريم إيبسوم ما، عليك أن تتحقق أولاً أن ليس هناك أي كلمات أو عبارات محرجة أو غير لائقة مخبأة في هذا النص. بينما تعمل جميع مولّدات نصوص لوريم إيبسوم على الإنترنت على إعادة تكرار مقاطع من نص لوريم إيبسوم نفسه عدة مرات بما تتطلبه الحاجة، يقوم مولّدنا هذا باستخدام كلمات من قاموس يحوي على أكثر من 200 كلمة لا تينية، مضاف إليها مجموعة من الجمل النموذجية، لتكوين نص لوريم إيبسوم ذو شكل منطقي قريب إلى النص الحقيقي. وبالتالي يكون النص الناتح خالي من التكرار، أو أي كلمات أو عبارات غير لائقة أو ما شابه. وهذا ما يجعله أول مولّد نص لوريم إيبسوم حقيقي على الإنترنت.</div><div><br></div>', NULL, NULL, 2, 'ar', NULL, NULL),
(4, 'Low and medium production', 'هنالك العديد من الأنواع المتوفرة لنصوص لوريم إيبسوم، ولكن الغالبية تم تعديلها بشكل ما عبر إدخال بعض النوادر أو الكلمات العشوائية إلى النص. إن كنت تريد أن تستخدم نص لوريم إيبسوم', '<div>هنالك العديد من الأنواع المتوفرة لنصوص لوريم إيبسوم، ولكن الغالبية تم تعديلها بشكل ما عبر إدخال بعض النوادر أو الكلمات العشوائية إلى النص. إن كنت تريد أن تستخدم نص لوريم إيبسوم ما، عليك أن تتحقق أولاً أن ليس هناك أي كلمات أو عبارات محرجة أو غير لائقة مخبأة في هذا النص. بينما تعمل جميع مولّدات نصوص لوريم إيبسوم على الإنترنت على إعادة تكرار مقاطع من نص لوريم إيبسوم نفسه عدة مرات بما تتطلبه الحاجة، يقوم مولّدنا هذا باستخدام كلمات من قاموس يحوي على أكثر من 200 كلمة لا تينية، مضاف إليها مجموعة من الجمل النموذجية، لتكوين نص لوريم إيبسوم ذو شكل منطقي قريب إلى النص الحقيقي. وبالتالي يكون النص الناتح خالي من التكرار، أو أي كلمات أو عبارات غير لائقة أو ما شابه. وهذا ما يجعله أول مولّد نص لوريم إيبسوم حقيقي على الإنترنت.</div><div><br></div>', NULL, NULL, 2, 'en', NULL, NULL),
(5, 'إنتاج بكميات كبيرة', 'هنالك العديد من الأنواع المتوفرة لنصوص لوريم إيبسوم، ولكن الغالبية تم تعديلها بشكل ما عبر إدخال بعض النوادر أو الكلمات العشوائية إلى النص. إن كنت تريد أن تستخدم نص لوريم إيبسوم', '<div>هنالك العديد من الأنواع المتوفرة لنصوص لوريم إيبسوم، ولكن الغالبية تم تعديلها بشكل ما عبر إدخال بعض النوادر أو الكلمات العشوائية إلى النص. إن كنت تريد أن تستخدم نص لوريم إيبسوم ما، عليك أن تتحقق أولاً أن ليس هناك أي كلمات أو عبارات محرجة أو غير لائقة مخبأة في هذا النص. بينما تعمل جميع مولّدات نصوص لوريم إيبسوم على الإنترنت على إعادة تكرار مقاطع من نص لوريم إيبسوم نفسه عدة مرات بما تتطلبه الحاجة، يقوم مولّدنا هذا باستخدام كلمات من قاموس يحوي على أكثر من 200 كلمة لا تينية، مضاف إليها مجموعة من الجمل النموذجية، لتكوين نص لوريم إيبسوم ذو شكل منطقي قريب إلى النص الحقيقي. وبالتالي يكون النص الناتح خالي من التكرار، أو أي كلمات أو عبارات غير لائقة أو ما شابه. وهذا ما يجعله أول مولّد نص لوريم إيبسوم حقيقي على الإنترنت.</div><div><br></div>', NULL, NULL, 3, 'ar', NULL, NULL),
(6, 'Mass production', 'هنالك العديد من الأنواع المتوفرة لنصوص لوريم إيبسوم، ولكن الغالبية تم تعديلها بشكل ما عبر إدخال بعض النوادر أو الكلمات العشوائية إلى النص. إن كنت تريد أن تستخدم نص لوريم إيبسوم', '<div>هنالك العديد من الأنواع المتوفرة لنصوص لوريم إيبسوم، ولكن الغالبية تم تعديلها بشكل ما عبر إدخال بعض النوادر أو الكلمات العشوائية إلى النص. إن كنت تريد أن تستخدم نص لوريم إيبسوم ما، عليك أن تتحقق أولاً أن ليس هناك أي كلمات أو عبارات محرجة أو غير لائقة مخبأة في هذا النص. بينما تعمل جميع مولّدات نصوص لوريم إيبسوم على الإنترنت على إعادة تكرار مقاطع من نص لوريم إيبسوم نفسه عدة مرات بما تتطلبه الحاجة، يقوم مولّدنا هذا باستخدام كلمات من قاموس يحوي على أكثر من 200 كلمة لا تينية، مضاف إليها مجموعة من الجمل النموذجية، لتكوين نص لوريم إيبسوم ذو شكل منطقي قريب إلى النص الحقيقي. وبالتالي يكون النص الناتح خالي من التكرار، أو أي كلمات أو عبارات غير لائقة أو ما شابه. وهذا ما يجعله أول مولّد نص لوريم إيبسوم حقيقي على الإنترنت.</div><div><br></div>', NULL, NULL, 3, 'en', NULL, NULL);

INSERT INTO `pages` (`id`, `type`, `image`, `image2`, `icon`, `link`, `video`, `createdBy`, `editeBy`, `rank`, `status`, `mainPage`, `deleteItem`, `created_at`, `updated_at`, `deleted_at`) VALUES
(1, 'sliders', 'default.png', 'default.png', NULL, '#', '/frontend/assets/spinning-drill.mp4', NULL, NULL, 0, 'active', 'inactive', 'no', '2023-03-11 05:38:00', '2023-03-12 07:06:16', NULL),
(2, 'sliders', 'aswk1cQufdKbifkpGkVixz7dobRenfPiEUpsna4v.jpg', 'default.png', NULL, '#', NULL, NULL, NULL, 0, 'active', 'inactive', 'no', '2023-03-11 05:39:15', '2023-03-12 07:02:43', NULL),
(3, 'aboutUs', 'NgSMxpc93VJljmxv42vc5kZYf3TbDAGt16xRZdd2.png', 'default.png', NULL, NULL, NULL, NULL, NULL, 0, 'active', 'inactive', 'no', '2023-03-11 05:40:50', '2023-03-12 06:27:55', NULL),
(4, 'whyUs', 'xwdof7ajBthc3baIpmyGg2lUn7AOV3gzYn4RCvmt.png', 'default.png', NULL, NULL, NULL, NULL, NULL, 0, 'active', 'inactive', 'no', '2023-03-11 05:41:31', '2023-03-11 05:41:31', NULL),
(5, 'whyUs', 'TUOXmysKCb39nGRmkp40ijCUTgUn5PJVlx1qs3yk.png', 'default.png', NULL, NULL, NULL, NULL, NULL, 0, 'active', 'inactive', 'no', '2023-03-11 05:41:53', '2023-03-11 05:41:53', NULL),
(6, 'whyUs', '6KVCaDdBm9SEckHVqrc8BCctBkh9eQLLqcRX63C6.png', 'default.png', NULL, NULL, NULL, NULL, NULL, 0, 'active', 'inactive', 'no', '2023-03-11 05:42:22', '2023-03-11 05:42:22', NULL),
(7, 'whyUs', 'O1SPu9THPjeWhVFj4jgQUnRa54NbvuCKjPtedMNB.png', 'default.png', NULL, NULL, NULL, NULL, NULL, 0, 'active', 'inactive', 'no', '2023-03-11 05:42:52', '2023-03-11 05:56:12', NULL),
(8, 'whyUs', 'KGO2GLMafJXeAO0BPunpy4nOyeAeroYD3JYysa5Z.png', 'default.png', NULL, NULL, NULL, NULL, NULL, 0, 'active', 'inactive', 'no', '2023-03-11 05:43:11', '2023-03-11 05:43:11', NULL),
(9, 'whyUs', '84ySFHCvkxSP2IyoYxvhQAs71kX2MmZ5OSjxgnQj.png', 'default.png', NULL, NULL, NULL, NULL, NULL, 0, 'active', 'inactive', 'no', '2023-03-11 05:43:28', '2023-03-11 05:43:28', NULL),
(10, 'whyUs', 'aOmZKwB5mbFC63RnuTcAgGshGaV8EUlZUItizyo6.png', 'default.png', NULL, NULL, NULL, NULL, NULL, 0, 'active', 'inactive', 'no', '2023-03-11 05:43:45', '2023-03-11 05:43:45', NULL),
(11, 'whyUs', 'SRPFg3J7C9jKdIXTB5u01aqiR7PFigwcQIm32SqS.png', 'default.png', NULL, NULL, NULL, NULL, NULL, 0, 'active', 'inactive', 'no', '2023-03-11 05:44:08', '2023-03-11 05:44:08', NULL),
(102, 'appSection', 'SRPFg3J7C9jKdIXTB5u01aqiR7PFigwcQIm32SqS.png', 'default.png', NULL, NULL, NULL, NULL, NULL, 0, 'active', 'inactive', 'no', '2023-03-11 05:53:32', '2023-03-11 05:53:32', NULL),
(103, 'appSection', 'aOmZKwB5mbFC63RnuTcAgGshGaV8EUlZUItizyo6.png', 'default.png', NULL, NULL, NULL, NULL, NULL, 0, 'active', 'inactive', 'no', '2023-03-11 05:53:42', '2023-03-11 05:53:42', NULL),
(104, 'appSection', '84ySFHCvkxSP2IyoYxvhQAs71kX2MmZ5OSjxgnQj.png', 'default.png', NULL, NULL, NULL, NULL, NULL, 0, 'active', 'inactive', 'no', '2023-03-11 05:53:46', '2023-03-11 05:53:46', NULL),
(105, 'appSection', 'KGO2GLMafJXeAO0BPunpy4nOyeAeroYD3JYysa5Z.png', 'default.png', NULL, NULL, NULL, NULL, NULL, 0, 'active', 'inactive', 'no', '2023-03-11 05:54:04', '2023-03-11 05:54:04', NULL),
(107, 'appSection', '8o422ijWJtXwX5EdWfhq3bs8bxJ2UZxZIiVykJgZ.png', 'default.png', NULL, NULL, NULL, NULL, NULL, 0, 'active', 'inactive', 'no', '2023-03-11 05:54:10', '2023-03-11 05:55:26', NULL),
(108, 'appSection', '6KVCaDdBm9SEckHVqrc8BCctBkh9eQLLqcRX63C6.png', 'default.png', NULL, NULL, NULL, NULL, NULL, 0, 'active', 'inactive', 'no', '2023-03-11 05:54:15', '2023-03-11 05:54:15', NULL),
(109, 'appSection', 'TUOXmysKCb39nGRmkp40ijCUTgUn5PJVlx1qs3yk.png', 'default.png', NULL, NULL, NULL, NULL, NULL, 0, 'active', 'inactive', 'no', '2023-03-11 05:54:19', '2023-03-11 05:54:19', NULL),
(110, 'appSection', 'xwdof7ajBthc3baIpmyGg2lUn7AOV3gzYn4RCvmt.png', 'default.png', NULL, NULL, NULL, NULL, NULL, 0, 'active', 'inactive', 'no', '2023-03-11 05:54:22', '2023-03-11 05:54:22', NULL),
(111, 'howMakeOrder', 'default.png', 'default.png', 'fa-download', NULL, NULL, NULL, NULL, 0, 'active', 'inactive', 'no', '2023-03-11 06:00:11', '2023-03-11 06:00:11', NULL),
(112, 'howMakeOrder', 'default.png', 'default.png', 'fa-folder-open', NULL, NULL, NULL, NULL, 0, 'active', 'inactive', 'no', '2023-03-11 06:00:17', '2023-03-11 06:01:30', NULL),
(113, 'howMakeOrder', 'default.png', 'default.png', 'fa-folder-tree', NULL, NULL, NULL, NULL, 0, 'active', 'inactive', 'no', '2023-03-11 06:01:42', '2023-03-11 06:02:24', NULL),
(114, 'howMakeOrder', 'default.png', 'default.png', 'fa-box-open', NULL, NULL, NULL, NULL, 0, 'active', 'inactive', 'no', '2023-03-11 06:02:27', '2023-03-11 06:03:05', NULL),
(115, 'testimonials', 'default.png', 'default.png', NULL, NULL, NULL, NULL, NULL, 0, 'active', 'inactive', 'no', '2023-03-11 06:04:35', '2023-03-11 06:04:35', NULL),
(116, 'testimonials', 'default.png', 'default.png', NULL, NULL, NULL, NULL, NULL, 0, 'active', 'inactive', 'no', '2023-03-11 06:05:37', '2023-03-11 06:05:37', NULL),
(117, 'mission', 'Lyrjri0Di05QHsk75rCDgrcOkWxXqHXOdlO4Yb39.jpg', 'default.png', NULL, NULL, NULL, NULL, NULL, 0, 'active', 'inactive', 'no', '2023-03-11 06:07:17', '2023-03-11 06:07:17', NULL),
(118, 'vision', 'Lyrjri0Di05QHsk75rCDgrcOkWxXqHXOdlO4Yb39.jpg', 'default.png', NULL, NULL, NULL, NULL, NULL, 0, 'active', 'inactive', 'no', '2023-03-11 06:08:12', '2023-03-11 06:08:12', NULL),
(119, 'message', 'Lyrjri0Di05QHsk75rCDgrcOkWxXqHXOdlO4Yb39.jpg', 'default.png', NULL, NULL, NULL, NULL, NULL, 0, 'active', 'inactive', 'no', '2023-03-11 06:09:36', '2023-03-11 06:09:36', NULL),
(120, 'howWeWork', 'htWukcQNHttjjqMuyl7K5H8jhpv3eyrEPgBaDkkA.jpg', 'default.png', NULL, NULL, NULL, NULL, NULL, 0, 'active', 'inactive', 'no', '2023-03-11 06:11:14', '2023-03-11 06:11:14', NULL),
(121, 'howWeWork', 'EC8JJbzFmueBsrMEjKWAeh1x7JPROyAoOh1QfypC.jpg', 'default.png', NULL, NULL, 'https://www.youtube.com/watch?v=kbXnAVXxXWo&ab_channel=%D8%B1%D9%90%D8%B3%D9%8E%D9%80%D8%A7%D9%84%D9%8E%D9%80%D9%80%D9%80%D9%80%D9%80%D9%80%D8%A9%D9%8C-resalh', NULL, NULL, 0, 'active', 'inactive', 'no', '2023-03-11 06:11:37', '2023-03-12 08:08:49', NULL),
(122, 'howWeWork', 'a6T7RvSkPtNRHl8JTuk9KjmIADOJCYyffLjtPOSa.jpg', 'default.png', NULL, NULL, 'https://www.youtube.com/watch?v=kbXnAVXxXWo&ab_channel=%D8%B1%D9%90%D8%B3%D9%8E%D9%80%D8%A7%D9%84%D9%8E%D9%80%D9%80%D9%80%D9%80%D9%80%D9%80%D8%A9%D9%8C-resalh', NULL, NULL, 0, 'active', 'inactive', 'no', '2023-03-11 06:11:48', '2023-03-12 07:46:49', NULL),
(123, 'jobs', '075KKIGhiKhomnvX3Ziyo4EZ4EMHHTttJ3eqrK5b.jpg', 'default.png', NULL, NULL, NULL, NULL, NULL, 0, 'active', 'inactive', 'no', '2023-03-11 06:12:50', '2023-03-11 06:12:50', NULL),
(124, 'Mediation_and_examination', '075KKIGhiKhomnvX3Ziyo4EZ4EMHHTttJ3eqrK5b.jpg', 'default.png', NULL, NULL, NULL, NULL, NULL, 0, 'active', 'inactive', 'no', '2023-03-11 06:13:17', '2023-03-11 06:13:17', NULL),
(125, 'aboutVideo', '1DCXI372B19ZS63zdR1K83siniWZyflHqzqwFz1i.jpg', 'default.png', NULL, NULL, 'https://www.youtube.com/watch?v=iGTMhsdBSFA&ab_channel=%D8%A7%D9%84%D8%B4%D9%8A%D8%AE%D8%B9%D8%A8%D8%AF%D8%A7%D9%84%D9%84%D9%87%D9%85%D8%B5%D8%B7%D9%81%D9%8A_AbdullahMustafa', NULL, NULL, 0, 'active', 'inactive', 'no', '2023-03-12 06:43:19', '2023-03-12 06:45:50', NULL),
(126, 'testimonials', 'default.png', 'default.png', NULL, NULL, NULL, NULL, NULL, 0, 'active', 'inactive', 'no', '2023-03-12 07:22:38', '2023-03-12 07:22:38', NULL);

INSERT INTO `page_translations` (`id`, `title`, `short_description`, `description`, `seo_key`, `seo_des`, `page_id`, `locale`, `created_at`, `updated_at`) VALUES
(1, 'مرحبا بكم في', 'صناعة .كوم', 'مع أكثر من 2000 مصنع في مصر، تتمتع شبكتنا بالقدرة التي تحتاجها للنماذج الأولية والإنتاج.V', NULL, NULL, 1, 'ar', NULL, NULL),
(2, 'welcome to', 'sna3a . com', '<p>With over 2,000 factories in Egypt, our network has the capacity you need for prototyping and production.</p>', NULL, NULL, 1, 'en', NULL, NULL),
(3, 'مرحبا بكم في', 'صناعة .كوم', '<p>&nbsp;مع أكثر من 2000 مصنع في مصر، تتمتع شبكتنا بالقدرة التي تحتاجها للنماذج الأولية</p><p>والإنتاج.&nbsp;</p>', NULL, NULL, 2, 'ar', NULL, NULL),
(4, 'welcome to', 'sna3a . com', '<p>With over 2,000 factories in Egypt, our network has the capacity you need for prototyping</p><p>and production.</p>', NULL, NULL, 2, 'en', NULL, NULL),
(5, 'نبذة عن الشركة', NULL, 'هناك حقيقة مثبتة منذ زمن طويل وهي أن المحتوى المقروء لصفحة ما سيلهي القارئ عن التركيز على الشكل الخارجي للنص أو شكل توضع الفقرات في الصفحة التي يقرأها. ولذلك يتم استخدام طريقة لوريم إيبسوم لأنها تعطي توزيعاَ طبيعياَ -إلى حد ما- للأحرف عوضاً عن استخدام \"هنا يوجد محتوى نصي، هنا يوجد محتوى نصي\" فتجعلها تبدو (أي الأحرف) وكأنها نص مقروء. العديد من برامح النشر المكتبي وبرامح تحرير صفحات الويب تستخدم لوريم إيبسوم بشكل إفتراضي كنموذج عن النص، وإذا قمت بإدخال \"lorem ipsum\" في أي محرك بحث ستظهر العديد من المواقع الحديثة العهد في نتائج البحث. على مدى السنين ظهرت نسخ جديدة ومختلفة من نص لوريم إيبسوم، أحياناً عن طريق الصدفة، وأحياناً عن عمد كإدخال بعض العبارات الفكاهية إليها.', 'ar كلمات بحثية باللغة العربيه - خاصة بالسيو', 'وصف السيو بالعربي', 3, 'ar', NULL, NULL),
(6, 'Company profile', NULL, '<p>There is a proven fact from a long time ago that the readable content of a page will not distract the reader from focusing on the external appearance of the text or the form of paragraphs placed on the page that he reads. Therefore, the Lorem Ipsum method is used because it gives a natural distribution - to some extent - to the letters instead of using \"here there is textual content, here there is textual content\" and makes it (i.e. the letters) look like readable text. Many desktop publishing programs and web page editing programs use lorem ipsum by default as a form of text, and if you enter \"lorem ipsum\" into any search engine, many new sites will appear in your search results. Over the years new and different versions of the text of Lorem Ipsum have appeared, sometimes by accident, and sometimes on purpose as some humorous phrases are inserted into it.<br></p>', 'en كلمات بحثية باللغة الانجليزيه - خاصة بالسيو', 'وصف السيو الانجليزيه', 3, 'en', NULL, NULL),
(7, 'تعليم', NULL, NULL, NULL, NULL, 4, 'ar', NULL, NULL),
(8, 'education', NULL, NULL, NULL, NULL, 4, 'en', NULL, NULL),
(9, 'منتجات المستهلك', NULL, NULL, NULL, NULL, 5, 'ar', NULL, NULL),
(10, 'consumer products', NULL, NULL, NULL, NULL, 5, 'en', NULL, NULL),
(11, 'السيارات', NULL, NULL, NULL, NULL, 6, 'ar', NULL, NULL),
(12, 'the cars', NULL, NULL, NULL, NULL, 6, 'en', NULL, NULL),
(13, 'الطب وطب الأسنان', NULL, NULL, NULL, NULL, 7, 'ar', NULL, NULL),
(14, 'Medicine and dentistry', NULL, NULL, NULL, NULL, 7, 'en', NULL, NULL),
(15, 'صناعي', NULL, NULL, NULL, NULL, 8, 'ar', NULL, NULL),
(16, 'industrial', NULL, NULL, NULL, NULL, 8, 'en', NULL, NULL),
(17, 'طاقة', NULL, NULL, NULL, NULL, 9, 'ar', NULL, NULL),
(18, 'energy', NULL, NULL, NULL, NULL, 9, 'en', NULL, NULL),
(19, 'إلكترونيات', NULL, NULL, NULL, NULL, 10, 'ar', NULL, NULL),
(20, 'electronics', NULL, NULL, NULL, NULL, 10, 'en', NULL, NULL),
(21, 'الروبوتات وبناء الآلات', NULL, NULL, NULL, NULL, 11, 'ar', NULL, NULL),
(22, 'Robotics and machine building', NULL, NULL, NULL, NULL, 11, 'en', NULL, NULL),
(203, 'الروبوتات وبناء الآلات', NULL, NULL, NULL, NULL, 102, 'ar', NULL, NULL),
(204, 'الروبوتات وبناء الآلات', NULL, NULL, NULL, NULL, 102, 'en', NULL, NULL),
(205, 'إلكترونيات', NULL, NULL, NULL, NULL, 103, 'ar', NULL, NULL),
(206, 'إلكترونيات', NULL, NULL, NULL, NULL, 103, 'en', NULL, NULL),
(207, 'طاقة', NULL, NULL, NULL, NULL, 104, 'ar', NULL, NULL),
(208, 'طاقة', NULL, NULL, NULL, NULL, 104, 'en', NULL, NULL),
(209, 'صناعي', NULL, NULL, NULL, NULL, 105, 'ar', NULL, NULL),
(210, 'صناعي', NULL, NULL, NULL, NULL, 105, 'en', NULL, NULL),
(213, 'الطب وطب الأسنان', NULL, NULL, NULL, NULL, 107, 'ar', NULL, NULL),
(214, 'الطب وطب الأسنان', NULL, NULL, NULL, NULL, 107, 'en', NULL, NULL),
(215, 'السيارات', NULL, NULL, NULL, NULL, 108, 'ar', NULL, NULL),
(216, 'السيارات', NULL, NULL, NULL, NULL, 108, 'en', NULL, NULL),
(217, 'منتجات المستهلك', NULL, NULL, NULL, NULL, 109, 'ar', NULL, NULL),
(218, 'منتجات المستهلك', NULL, NULL, NULL, NULL, 109, 'en', NULL, NULL),
(219, 'تعليم', NULL, NULL, NULL, NULL, 110, 'ar', NULL, NULL),
(220, 'تعليم', NULL, NULL, NULL, NULL, 110, 'en', NULL, NULL),
(221, 'قم بتحميل ملفات CAD الخاصة بك', 'يمكن استيراد تصميمات متعددة لأجزاء مختلفة في نفس الوقت لإنتاج عرض أسعار واحد. في أقل من دقيقة ، يظهر تقدير تفصيلي للتكلفة على الشاشة', NULL, NULL, NULL, 111, 'ar', NULL, NULL),
(222, 'Upload your CAD files', 'Multiple designs of different parts can be imported at the same time to produce a single quote. In less than a minute, a detailed cost estimate appears on the screen', NULL, NULL, NULL, 111, 'en', NULL, NULL),
(223, 'اختر العملية', 'أولاً ، حدد عملية التصنيع التي تحتاجها. يمكنك بعد ذلك الاختيار من بين أكثر من 70 مادة ، سواء من المعادن أو البلاستيك ، ومن مجموعة واسعة من التشطيبات والشهادات', NULL, NULL, NULL, 112, 'ar', NULL, NULL),
(224, 'Choose the process', 'First, decide which manufacturing process you need. You can then choose from over 70 materials, both metal and plastic, and from a wide range of finishes and certifications.', NULL, NULL, NULL, 112, 'en', NULL, NULL),
(225, 'اطلب أجزائك عبر الإنترنت', 'بمجرد تحديد الخيارات المطلوبة ، كل ما عليك فعله هو تأكيد الطلب ودفع ثمنه على منصة الدفع الآمنة. سيتم تحليل التصميم الخاص بك من قبل المهندسين', NULL, NULL, NULL, 113, 'ar', NULL, NULL),
(226, 'اختر العملية', 'Once you select the desired options, all you have to do is confirm the order and pay for it on the secure payment platform. Your design will be analyzed by the engineers', NULL, NULL, NULL, 113, 'en', NULL, NULL),
(227, 'احصل على قطع الغيار الخاصة بك', 'في غضون فترة زمنية قصيرة ، ستتلقى الأجزاء التي طلبتها مباشرة إلى عنوان الشحن الخاص بك. يمكنك تتبع الحزمة الخاصة بك في أي وقت في حسابك الشخصي', NULL, NULL, NULL, 114, 'ar', NULL, NULL),
(228, 'Get your spare parts', 'في غضون فترة زمنية قصيرة ، ستتلقى الأجزاء التي طلبتها مباشرة إلى عنوان الشحن الخاص بك. يمكنك تتبع الحزمة الخاصة بك في أي وقت في حسابك الشخصي', NULL, NULL, NULL, 114, 'en', NULL, NULL),
(229, 'طارق الجندي', 'يمكن استيراد تصميمات متعددة لأجزاء مختلفة في نفس الوقت لإنتاج عرض أسعار واحد. في أقل من دقائق ، يبدو تقدير التكلفة التفصيلي على الشاشة', NULL, NULL, NULL, 115, 'ar', NULL, NULL),
(230, 'Tarek  Elgendy', 'Multiple designs of different parts can be imported at the same time to produce a single quote. in less than minutes, it seems Detailed cost estimate on screen', NULL, NULL, NULL, 115, 'en', NULL, NULL),
(231, 'مصانع المتحده', 'يمكن استيراد تصميمات متعددة لأجزاء مختلفة في نفس الوقت لإنتاج عرض أسعار واحد. في أقل من دقائق ، يبدو تقدير التكلفة التفصيلي على الشاشة', NULL, NULL, NULL, 116, 'ar', NULL, NULL),
(232, 'مصانع المتحده', 'يمكن استيراد تصميمات متعددة لأجزاء مختلفة في نفس الوقت لإنتاج عرض أسعار واحد. في أقل من دقائق ، يبدو تقدير التكلفة التفصيلي على الشاشة', NULL, NULL, NULL, 116, 'en', NULL, NULL),
(233, 'هدفنا', NULL, '<p>هناك حقيقة مثبتة منذ زمن طويل وهي أن المحتوى المقروء لصفحة ما سيلهي القارئ عن التركيز على الشكل الخارجي للنص أو شكل توضع الفقرات في الصفحة التي يقرأها. ولذلك يتم استخدام طريقة لوريم إيبسوم لأنها تعطي توزيعاَ طبيعياَ -إلى حد ما- للأحرف عوضاً عن استخدام \"هنا يوجد محتوى نصي، هنا يوجد محتوى نصي\" فتجعلها تبدو (أي الأحرف) وكأنها نص مقروء. العديد من برامح النشر المكتبي وبرامح تحرير صفحات الويب تستخدم لوريم إيبسوم بشكل إفتراضي كنموذج عن النص، وإذا قمت بإدخال \"lorem ipsum\" في أي محرك بحث ستظهر العديد من المواقع الحديثة العهد في نتائج البحث. على مدى السنين ظهرت نسخ جديدة ومختلفة من نص لوريم إيبسوم، أحياناً عن طريق الصدفة، وأحياناً عن عمد كإدخال بعض العبارات الفكاهية إليها.</p><p><br></p>', NULL, NULL, 117, 'ar', NULL, NULL),
(234, 'هدفنا', NULL, '<p>هناك حقيقة مثبتة منذ زمن طويل وهي أن المحتوى المقروء لصفحة ما سيلهي القارئ عن التركيز على الشكل الخارجي للنص أو شكل توضع الفقرات في الصفحة التي يقرأها. ولذلك يتم استخدام طريقة لوريم إيبسوم لأنها تعطي توزيعاَ طبيعياَ -إلى حد ما- للأحرف عوضاً عن استخدام \"هنا يوجد محتوى نصي، هنا يوجد محتوى نصي\" فتجعلها تبدو (أي الأحرف) وكأنها نص مقروء. العديد من برامح النشر المكتبي وبرامح تحرير صفحات الويب تستخدم لوريم إيبسوم بشكل إفتراضي كنموذج عن النص، وإذا قمت بإدخال \"lorem ipsum\" في أي محرك بحث ستظهر العديد من المواقع الحديثة العهد في نتائج البحث. على مدى السنين ظهرت نسخ جديدة ومختلفة من نص لوريم إيبسوم، أحياناً عن طريق الصدفة، وأحياناً عن عمد كإدخال بعض العبارات الفكاهية إليها.</p><p><br></p>', NULL, NULL, 117, 'en', NULL, NULL),
(235, 'الرؤية', NULL, '<p>هناك حقيقة مثبتة منذ زمن طويل وهي أن المحتوى المقروء لصفحة ما سيلهي القارئ عن التركيز على الشكل الخارجي للنص أو شكل توضع الفقرات في الصفحة التي يقرأها. ولذلك يتم استخدام طريقة لوريم إيبسوم لأنها تعطي توزيعاَ طبيعياَ -إلى حد ما- للأحرف عوضاً عن استخدام \"هنا يوجد محتوى نصي، هنا يوجد محتوى نصي\" فتجعلها تبدو (أي الأحرف) وكأنها نص مقروء. العديد من برامح النشر المكتبي وبرامح تحرير صفحات الويب تستخدم لوريم إيبسوم بشكل إفتراضي كنموذج عن النص، وإذا قمت بإدخال \"lorem ipsum\" في أي محرك بحث ستظهر العديد من المواقع الحديثة العهد في نتائج البحث. على مدى السنين ظهرت نسخ جديدة ومختلفة من نص لوريم إيبسوم، أحياناً عن طريق الصدفة، وأحياناً عن عمد كإدخال بعض العبارات الفكاهية إليها.</p><p><br></p>', NULL, NULL, 118, 'ar', NULL, NULL),
(236, 'الرؤية', NULL, '<p>هناك حقيقة مثبتة منذ زمن طويل وهي أن المحتوى المقروء لصفحة ما سيلهي القارئ عن التركيز على الشكل الخارجي للنص أو شكل توضع الفقرات في الصفحة التي يقرأها. ولذلك يتم استخدام طريقة لوريم إيبسوم لأنها تعطي توزيعاَ طبيعياَ -إلى حد ما- للأحرف عوضاً عن استخدام \"هنا يوجد محتوى نصي، هنا يوجد محتوى نصي\" فتجعلها تبدو (أي الأحرف) وكأنها نص مقروء. العديد من برامح النشر المكتبي وبرامح تحرير صفحات الويب تستخدم لوريم إيبسوم بشكل إفتراضي كنموذج عن النص، وإذا قمت بإدخال \"lorem ipsum\" في أي محرك بحث ستظهر العديد من المواقع الحديثة العهد في نتائج البحث. على مدى السنين ظهرت نسخ جديدة ومختلفة من نص لوريم إيبسوم، أحياناً عن طريق الصدفة، وأحياناً عن عمد كإدخال بعض العبارات الفكاهية إليها.</p><p><br></p>', NULL, NULL, 118, 'en', NULL, NULL),
(237, 'الرسالة', NULL, '<p>هناك حقيقة مثبتة منذ زمن طويل وهي أن المحتوى المقروء لصفحة ما سيلهي القارئ عن التركيز على الشكل الخارجي للنص أو شكل توضع الفقرات في الصفحة التي يقرأها. ولذلك يتم استخدام طريقة لوريم إيبسوم لأنها تعطي توزيعاَ طبيعياَ -إلى حد ما- للأحرف عوضاً عن استخدام \"هنا يوجد محتوى نصي، هنا يوجد محتوى نصي\" فتجعلها تبدو (أي الأحرف) وكأنها نص مقروء. العديد من برامح النشر المكتبي وبرامح تحرير صفحات الويب تستخدم لوريم إيبسوم بشكل إفتراضي كنموذج عن النص، وإذا قمت بإدخال \"lorem ipsum\" في أي محرك بحث ستظهر العديد من المواقع الحديثة العهد في نتائج البحث. على مدى السنين ظهرت نسخ جديدة ومختلفة من نص لوريم إيبسوم، أحياناً عن طريق الصدفة، وأحياناً عن عمد كإدخال بعض العبارات الفكاهية إليها.</p><p><br></p>', NULL, NULL, 119, 'ar', NULL, NULL),
(238, 'الرسالة', NULL, '<p>هناك حقيقة مثبتة منذ زمن طويل وهي أن المحتوى المقروء لصفحة ما سيلهي القارئ عن التركيز على الشكل الخارجي للنص أو شكل توضع الفقرات في الصفحة التي يقرأها. ولذلك يتم استخدام طريقة لوريم إيبسوم لأنها تعطي توزيعاَ طبيعياَ -إلى حد ما- للأحرف عوضاً عن استخدام \"هنا يوجد محتوى نصي، هنا يوجد محتوى نصي\" فتجعلها تبدو (أي الأحرف) وكأنها نص مقروء. العديد من برامح النشر المكتبي وبرامح تحرير صفحات الويب تستخدم لوريم إيبسوم بشكل إفتراضي كنموذج عن النص، وإذا قمت بإدخال \"lorem ipsum\" في أي محرك بحث ستظهر العديد من المواقع الحديثة العهد في نتائج البحث. على مدى السنين ظهرت نسخ جديدة ومختلفة من نص لوريم إيبسوم، أحياناً عن طريق الصدفة، وأحياناً عن عمد كإدخال بعض العبارات الفكاهية إليها.</p><p><br></p>', NULL, NULL, 119, 'en', NULL, NULL),
(239, 'كيف نعمل', NULL, '<p>هنالك العديد من الأنواع المتوفرة لنصوص لوريم إيبسوم، ولكن الغالبية تم تعديلها بشكل ما عبر إدخال بعض النوادر أو الكلمات العشوائية إلى النص. إن كنت تريد أن تستخدم نص لوريم إيبسوم ما، عليك أن تتحقق أولاً أن ليس هناك أي كلمات أو عبارات محرجة أو غير لائقة مخبأة في هذا النص. بينما تعمل جميع مولّدات نصوص لوريم</p><p><br></p>', NULL, NULL, 120, 'ar', NULL, NULL),
(240, 'how do we work', NULL, '<p>هنالك العديد من الأنواع المتوفرة لنصوص لوريم إيبسوم، ولكن الغالبية تم تعديلها بشكل ما عبر إدخال بعض النوادر أو الكلمات العشوائية إلى النص. إن كنت تريد أن تستخدم نص لوريم إيبسوم ما، عليك أن تتحقق أولاً أن ليس هناك أي كلمات أو عبارات محرجة أو غير لائقة مخبأة في هذا النص. بينما تعمل جميع مولّدات نصوص لوريم</p><p><br></p>', NULL, NULL, 120, 'en', NULL, NULL),
(241, 'كيف نعمل 2', NULL, '<p>هنالك العديد من الأنواع المتوفرة لنصوص لوريم إيبسوم، ولكن الغالبية تم تعديلها بشكل ما عبر إدخال بعض النوادر أو الكلمات العشوائية إلى النص. إن كنت تريد أن تستخدم نص لوريم إيبسوم ما، عليك أن تتحقق أولاً أن ليس هناك أي كلمات أو عبارات محرجة أو غير لائقة مخبأة في هذا النص. بينما تعمل جميع مولّدات نصوص لوريم</p><p><br></p>', NULL, NULL, 121, 'ar', NULL, NULL),
(242, 'كيف نعمل2', NULL, '<p>هنالك العديد من الأنواع المتوفرة لنصوص لوريم إيبسوم، ولكن الغالبية تم تعديلها بشكل ما عبر إدخال بعض النوادر أو الكلمات العشوائية إلى النص. إن كنت تريد أن تستخدم نص لوريم إيبسوم ما، عليك أن تتحقق أولاً أن ليس هناك أي كلمات أو عبارات محرجة أو غير لائقة مخبأة في هذا النص. بينما تعمل جميع مولّدات نصوص لوريم</p><p><br></p>', NULL, NULL, 121, 'en', NULL, NULL),
(243, 'كيف نعمل 3', NULL, '<p>هنالك العديد من الأنواع المتوفرة لنصوص لوريم إيبسوم، ولكن الغالبية تم تعديلها بشكل ما عبر إدخال بعض النوادر أو الكلمات العشوائية إلى النص. إن كنت تريد أن تستخدم نص لوريم إيبسوم ما، عليك أن تتحقق أولاً أن ليس هناك أي كلمات أو عبارات محرجة أو غير لائقة مخبأة في هذا النص. بينما تعمل جميع مولّدات نصوص لوريم</p><p><br></p>', NULL, NULL, 122, 'ar', NULL, NULL),
(244, 'كيف نعمل 3', NULL, '<p>هنالك العديد من الأنواع المتوفرة لنصوص لوريم إيبسوم، ولكن الغالبية تم تعديلها بشكل ما عبر إدخال بعض النوادر أو الكلمات العشوائية إلى النص. إن كنت تريد أن تستخدم نص لوريم إيبسوم ما، عليك أن تتحقق أولاً أن ليس هناك أي كلمات أو عبارات محرجة أو غير لائقة مخبأة في هذا النص. بينما تعمل جميع مولّدات نصوص لوريم</p><p><br></p>', NULL, NULL, 122, 'en', NULL, NULL),
(245, 'قريبا', NULL, '<p>هنالك العديد من الأنواع المتوفرة لنصوص لوريم إيبسوم، ولكن الغالبية تم تعديلها بشكل ما عبر إدخال بعض النوادر أو الكلمات العشوائية إلى النص. إن كنت تريد أن تستخدم نص لوريم إيبسوم ما، عليك أن تتحقق أولاً أن ليس هناك أي كلمات أو عبارات محرجة أو غير لائقة مخبأة في هذا النص. بينما تعمل جميع مولّدات نصوص لوريم إيبسوم على الإنترنت على إعادة تكرار مقاطع من نص لوريم إيبسوم نفسه عدة مرات بما تتطلبه الحاجة، يقوم مولّدنا هذا باستخدام كلمات من قاموس يحوي على أكثر من 200 كلمة لا تينية، مضاف إليها مجموعة من الجمل النموذجية، لتكوين نص لوريم إيبسوم ذو شكل منطقي قريب إلى النص الحقيقي. وبالتالي يكون النص الناتح خالي من التكرار، أو أي كلمات أو عبارات غير لائقة أو ما شابه. وهذا ما يجعله أول مولّد نص لوريم إيبسوم حقيقي على الإنترنت.</p><p><br></p>', NULL, NULL, 123, 'ar', NULL, NULL),
(246, 'قريبا', NULL, '<p>هنالك العديد من الأنواع المتوفرة لنصوص لوريم إيبسوم، ولكن الغالبية تم تعديلها بشكل ما عبر إدخال بعض النوادر أو الكلمات العشوائية إلى النص. إن كنت تريد أن تستخدم نص لوريم إيبسوم ما، عليك أن تتحقق أولاً أن ليس هناك أي كلمات أو عبارات محرجة أو غير لائقة مخبأة في هذا النص. بينما تعمل جميع مولّدات نصوص لوريم إيبسوم على الإنترنت على إعادة تكرار مقاطع من نص لوريم إيبسوم نفسه عدة مرات بما تتطلبه الحاجة، يقوم مولّدنا هذا باستخدام كلمات من قاموس يحوي على أكثر من 200 كلمة لا تينية، مضاف إليها مجموعة من الجمل النموذجية، لتكوين نص لوريم إيبسوم ذو شكل منطقي قريب إلى النص الحقيقي. وبالتالي يكون النص الناتح خالي من التكرار، أو أي كلمات أو عبارات غير لائقة أو ما شابه. وهذا ما يجعله أول مولّد نص لوريم إيبسوم حقيقي على الإنترنت.</p><p><br></p>', NULL, NULL, 123, 'en', NULL, NULL),
(247, 'قريبا', NULL, '<p>هنالك العديد من الأنواع المتوفرة لنصوص لوريم إيبسوم، ولكن الغالبية تم تعديلها بشكل ما عبر إدخال بعض النوادر أو الكلمات العشوائية إلى النص. إن كنت تريد أن تستخدم نص لوريم إيبسوم ما، عليك أن تتحقق أولاً أن ليس هناك أي كلمات أو عبارات محرجة أو غير لائقة مخبأة في هذا النص. بينما تعمل جميع مولّدات نصوص لوريم إيبسوم على الإنترنت على إعادة تكرار مقاطع من نص لوريم إيبسوم نفسه عدة مرات بما تتطلبه الحاجة، يقوم مولّدنا هذا باستخدام كلمات من قاموس يحوي على أكثر من 200 كلمة لا تينية، مضاف إليها مجموعة من الجمل النموذجية، لتكوين نص لوريم إيبسوم ذو شكل منطقي قريب إلى النص الحقيقي. وبالتالي يكون النص الناتح خالي من التكرار، أو أي كلمات أو عبارات غير لائقة أو ما شابه. وهذا ما يجعله أول مولّد نص لوريم إيبسوم حقيقي على الإنترنت.</p><p><br></p>', NULL, NULL, 124, 'ar', NULL, NULL),
(248, 'قريبا', NULL, '<p>هنالك العديد من الأنواع المتوفرة لنصوص لوريم إيبسوم، ولكن الغالبية تم تعديلها بشكل ما عبر إدخال بعض النوادر أو الكلمات العشوائية إلى النص. إن كنت تريد أن تستخدم نص لوريم إيبسوم ما، عليك أن تتحقق أولاً أن ليس هناك أي كلمات أو عبارات محرجة أو غير لائقة مخبأة في هذا النص. بينما تعمل جميع مولّدات نصوص لوريم إيبسوم على الإنترنت على إعادة تكرار مقاطع من نص لوريم إيبسوم نفسه عدة مرات بما تتطلبه الحاجة، يقوم مولّدنا هذا باستخدام كلمات من قاموس يحوي على أكثر من 200 كلمة لا تينية، مضاف إليها مجموعة من الجمل النموذجية، لتكوين نص لوريم إيبسوم ذو شكل منطقي قريب إلى النص الحقيقي. وبالتالي يكون النص الناتح خالي من التكرار، أو أي كلمات أو عبارات غير لائقة أو ما شابه. وهذا ما يجعله أول مولّد نص لوريم إيبسوم حقيقي على الإنترنت.</p><p><br></p>', NULL, NULL, 124, 'en', NULL, NULL),
(249, 'aboutVideo', NULL, NULL, NULL, NULL, 125, 'ar', NULL, NULL),
(250, 'aboutVideo', NULL, NULL, NULL, NULL, 125, 'en', NULL, NULL),
(251, 'العاملية للتصنيع', 'موقع ممتاز وفريد من نوعه في مصر', NULL, NULL, NULL, 126, 'ar', NULL, NULL),
(252, 'العاملية للتصنيع', 'موقع ممتاز وفريد من نوعه في مصر', NULL, NULL, NULL, 126, 'en', NULL, NULL);


INSERT INTO `products` (`id`, `category_id`, `type`, `image`, `image2`, `icon`, `link`, `video`, `createdBy`, `editeBy`, `rank`, `status`, `mainPage`, `deleteItem`, `created_at`, `updated_at`, `deleted_at`) VALUES
(17, NULL, NULL, '4aZ6esQmOZPCBNCSVGo25dW1maPkA2KUn99G8ER3.jpg', 'default.png', 'vreB8yzOTeE8WOXdlNrgnSbjMGV7WUFhSaCXVTCS.jpg', NULL, NULL, NULL, NULL, 0, 'active', 'active', 'inactive', '2023-03-11 07:03:11', '2023-03-11 07:14:04', NULL),
(20, NULL, NULL, 'lJfkkjM6ujPYpuxCRu7BG5ZLVbi4yi82f7WqBugx.png', 'default.png', 'QIVuXAzX1tiB4zTFt1rBVLOMMT76s9Rk5RgUzPWY.png', NULL, NULL, NULL, NULL, 0, 'active', 'active', 'inactive', '2023-03-11 07:04:15', '2023-03-13 04:55:49', NULL),
(21, NULL, NULL, '4b7Zjv5HRdzWNBGgHZ1jQ4FKzAaWYnW18TbohnJA.png', 'default.png', '1678526211.svg', NULL, NULL, NULL, NULL, 0, 'active', 'active', 'inactive', '2023-03-11 07:04:15', '2023-03-11 07:16:51', NULL),
(22, NULL, NULL, '4MiMmrQS71j4jFSKy82oh5X7909WFzVXGiNbquQk.png', 'default.png', '1678526174.svg', NULL, NULL, NULL, NULL, 0, 'active', 'active', 'inactive', '2023-03-11 07:04:16', '2023-03-13 05:26:54', NULL);

INSERT INTO `product_translations` (`id`, `title`, `short_description`, `description`, `seo_key`, `seo_des`, `product_id`, `locale`, `created_at`, `updated_at`) VALUES
(21, 'Jaren Von', 'Fugit odio alias perspiciatis reprehenderit ut necessitatibus consequatur.', 'Occaecati quo et pariatur necessitatibus aut. Ipsam fugit odit quaerat aut aut laborum quae. Laboriosam iusto illo magnam sunt. Est voluptatem omnis fugiat accusantium veniam ad est.', NULL, NULL, 17, 'ar', NULL, NULL),
(22, 'Dr. Elijah Bogisich', 'Maxime cumque ea quis reiciendis ipsum.', 'Qui velit magnam autem dolor earum nihil dolores neque. Amet occaecati vitae deserunt tempora officiis quod. Optio et aspernatur eum et a. Ratione asperiores omnis aut accusantium sapiente. Laudantium cumque enim tempore dolores vitae mollitia cupiditate inventore.', NULL, NULL, 17, 'en', NULL, NULL),
(27, 'صب الحقن', 'Iusto quidem sint voluptate molestias autem vel nesciunt.', '<ul>\r\n                            <li class=\"d-flex align-items-center mb-2\">\r\n                                <i class=\"fas fa-arrow-circle-left\"></i>\r\n                                <span class=\"ms-3\"> توصيل مجاني </span>\r\n                            </li>\r\n                            <li class=\"d-flex align-items-center mb-2\">\r\n                                <i class=\"fas fa-arrow-circle-left\"></i>\r\n                                <span class=\"ms-3\"> SLS و HP MJF و FDM و SLA و Carbon DLS ™ و PolyJet و DMLS </span>\r\n                            </li>\r\n                            <li class=\"d-flex align-items-center mb-2\">\r\n                                <i class=\"fas fa-arrow-circle-left\"></i>\r\n                                <span class=\"ms-3\"> أكثر من 35 مادة متوفرة </span>\r\n                            </li>\r\n                            <li class=\"d-flex align-items-center mb-2\">\r\n                                <i class=\"fas fa-arrow-circle-left\"></i>\r\n                                <span class=\"ms-3\"> النموذج الأولي والتصنيع التسلسلي </span>\r\n                            </li>\r\n                            <li class=\"d-flex align-items-center mb-2\">\r\n                                <i class=\"fas fa-arrow-circle-left\"></i>\r\n                                <span class=\"ms-3\"> التصنيع السريع في غضون 3 أيام </span>\r\n                            </li>\r\n                        </ul>', NULL, NULL, 20, 'ar', NULL, NULL),
(28, 'صب الحقن', 'Dolorem sint consequatur laborum nesciunt saepe impedit.', '<ul>\r\n                            <li class=\"d-flex align-items-center mb-2\">\r\n                                <i class=\"fas fa-arrow-circle-left\"></i>\r\n                                <span class=\"ms-3\"> توصيل مجاني </span>\r\n                            </li>\r\n                            <li class=\"d-flex align-items-center mb-2\">\r\n                                <i class=\"fas fa-arrow-circle-left\"></i>\r\n                                <span class=\"ms-3\"> SLS و HP MJF و FDM و SLA و Carbon DLS ™ و PolyJet و DMLS </span>\r\n                            </li>\r\n                            <li class=\"d-flex align-items-center mb-2\">\r\n                                <i class=\"fas fa-arrow-circle-left\"></i>\r\n                                <span class=\"ms-3\"> أكثر من 35 مادة متوفرة </span>\r\n                            </li>\r\n                            <li class=\"d-flex align-items-center mb-2\">\r\n                                <i class=\"fas fa-arrow-circle-left\"></i>\r\n                                <span class=\"ms-3\"> النموذج الأولي والتصنيع التسلسلي </span>\r\n                            </li>\r\n                            <li class=\"d-flex align-items-center mb-2\">\r\n                                <i class=\"fas fa-arrow-circle-left\"></i>\r\n                                <span class=\"ms-3\"> التصنيع السريع في غضون 3 أيام </span>\r\n                            </li>\r\n                        </ul>', NULL, NULL, 20, 'en', NULL, NULL),
(29, 'طباعة ثلاثية الابعاد', 'Quis sit minima ut.', 'Aperiam fuga sint quia. Ducimus voluptatem ratione praesentium qui esse praesentium. Saepe temporibus veritatis sint pariatur.', NULL, NULL, 21, 'ar', NULL, NULL),
(30, 'طباعة ثلاثية الابعاد', 'Voluptatem quia autem non voluptatem hic.', 'Doloribus voluptatem necessitatibus nulla nihil totam est. Est molestiae omnis suscipit magnam voluptas ipsa. Eligendi dolorem assumenda qui veniam inventore velit itaque.', NULL, NULL, 21, 'en', NULL, NULL),
(31, 'تصنيع باستخدام الحاسب الالي', 'Quisquam occaecati culpa recusandae earum ipsum accusantium omnis.', 'يمكن استيراد تصميمات متعددة لأجزاء مختلفة في نفس الوقت لإنتاج عرض أسعار واحد. في أقل من دقيقة ، يظهر تقدير تفصيلي للتكلفة على الشاشة يمكن استيراد تصميمات متعددة لأجزاء مختلفة في نفس الوقت لإنتاج عرض أسعار واحد. في أقل من دقيقة ، يظهر تقدير تفصيلي للتكلفة على الشاشة', NULL, NULL, 22, 'ar', NULL, NULL),
(32, 'تصنيع باستخدام الحاسب الالي', 'Quas veniam sequi maxime beatae et aliquam id suscipit.', 'يمكن استيراد تصميمات متعددة لأجزاء مختلفة في نفس الوقت لإنتاج عرض أسعار واحد. في أقل من دقيقة ، يظهر تقدير تفصيلي للتكلفة على الشاشة يمكن استيراد تصميمات متعددة لأجزاء مختلفة في نفس الوقت لإنتاج عرض أسعار واحد. في أقل من دقيقة ، يظهر تقدير تفصيلي للتكلفة على الشاشة', NULL, NULL, 22, 'en', NULL, NULL);
INSERT INTO `settings` (`id`, `logo`, `icon`, `footer_logo`, `num1`, `num2`, `num3`, `working-hours`, `email`, `link`, `map`, `seo_google_analatic`, `facebook_messanger`, `facebook`, `twitter`, `instagram`, `tiktok`, `youtube`, `linkedin`, `snapchat`, `pinterest`, `createdBy`, `editeBy`, `created_at`, `updated_at`, `deleted_at`) VALUES
(1, 'ek9fsAotu8vLkOm03BYYHlWRM9nuRsTwSoSn9A5h.png', 'yFm9VTzBrWIneGKlNfutU9opdA4QjdaX5XbACxjY.png', 'ToI0YDhq8TxxBZtFXXcqrQr6qXu3gxeW25X0ild3.png', '011142117402', NULL, NULL, NULL, 'super@admin.com', NULL, '<iframe\r\n            src=\"https://www.google.com/maps/embed?pb=!1m18!1m12!1m3!1d7455039.775340255!2d40.580571945242326!3d24.16625624451223!2m3!1f0!2f0!3f0!3m2!1i1024!2i768!4f13.1!3m3!1m2!1s0x15e7b33fe7952a41%3A0x5960504bc21ab69b!2sSaudi%20Arabia!5e0!3m2!1sen!2seg!4v1676311520374!5m2!1sen!2seg\"\r\n            width=\"100%\" height=\"450\" style=\"border:0;\" aria-label=\"iframe\" allowfullscreen=\"\" loading=\"lazy\"\r\n            referrerpolicy=\"no-referrer-when-downgrade\"></iframe>', NULL, NULL, 'facebook', 'https://twitter.com/', 'instagram', 'tiktok', 'youtube', 'linked', 'snap', 'pinterest', NULL, NULL, '2023-03-11 05:15:39', '2023-03-12 08:50:55', NULL);



INSERT INTO `setting_translations` (`id`, `address`, `title`, `seo_title`, `seo_key`, `seo_des`, `setting_id`, `locale`, `created_at`, `updated_at`) VALUES
(1, 'مكان المشروع', 'عنوان الموقع', NULL, 'صناعة دوت كوم', NULL, 1, 'ar', NULL, NULL),
(2, 'address English', 'Title Website', NULL, 'صناعة دوت كوم', NULL, 1, 'en', NULL, NULL);



INSERT INTO `productitems` (`id`, `product_id`, `type`, `file`, `image`, `image2`, `icon`, `link`, `video`, `createdBy`, `editeBy`, `rank`, `status`, `mainPage`, `deleteItem`, `created_at`, `updated_at`, `deleted_at`) VALUES
(9, 22, 'techniques', NULL, 'https://via.placeholder.com/640x480.png/00aa44?text=veritatis', 'default.png', NULL, NULL, NULL, NULL, NULL, 0, 'active', 'inactive', 'inactive', '2023-03-11 07:35:55', '2023-03-11 07:45:18', NULL),
(10, 22, 'techniquesItems', NULL, 'krMxpunePbYaD2ZV95itObkfDhTvrL0nDTxGr73b.png', 'default.png', NULL, NULL, NULL, NULL, NULL, 0, 'active', 'active', 'inactive', '2023-03-11 07:44:57', '2023-03-11 07:44:57', NULL),
(12, 22, 'techniquesItems', NULL, 'krMxpunePbYaD2ZV95itObkfDhTvrL0nDTxGr73b.png', 'default.png', NULL, NULL, NULL, NULL, NULL, 0, 'active', 'active', 'inactive', '2023-03-11 07:47:04', '2023-03-11 07:47:38', NULL),
(13, 22, 'techniquesItems', NULL, '9ybIFGkRkLbtpiW0FAktZ9jYNhySaacmfWuMxIES.png', 'default.png', NULL, NULL, NULL, NULL, NULL, 0, 'active', 'active', 'inactive', '2023-03-11 07:48:08', '2023-03-13 05:30:53', NULL),
(14, 22, 'techniquesItems', NULL, 'krMxpunePbYaD2ZV95itObkfDhTvrL0nDTxGr73b.png', 'default.png', NULL, NULL, NULL, NULL, NULL, 0, 'active', 'inactive', 'inactive', '2023-03-11 07:48:12', '2023-03-11 07:48:12', NULL),
(15, 22, 'advantages', NULL, '1678528294.svg', 'default.png', NULL, NULL, NULL, NULL, NULL, 0, 'active', 'active', 'inactive', '2023-03-11 07:50:19', '2023-03-11 07:52:10', NULL),
(16, 22, 'advantages', NULL, '1678528358.svg', 'default.png', NULL, NULL, NULL, NULL, NULL, 0, 'active', 'active', 'inactive', '2023-03-11 07:52:13', '2023-03-11 07:52:38', NULL),
(17, 22, 'advantages', NULL, '1678528382.svg', 'default.png', NULL, NULL, NULL, NULL, NULL, 0, 'active', 'active', 'inactive', '2023-03-11 07:52:43', '2023-03-11 07:53:02', NULL),
(18, 22, 'advantages', NULL, '1678528400.svg', 'default.png', NULL, NULL, NULL, NULL, NULL, 0, 'active', 'active', 'inactive', '2023-03-11 07:53:06', '2023-03-11 07:53:20', NULL),
(19, 22, 'materials', NULL, '1678528400.svg', 'default.png', NULL, NULL, NULL, NULL, NULL, 0, 'active', 'active', 'inactive', '2023-03-11 07:54:19', '2023-03-11 07:55:01', NULL),
(20, 22, 'materials', NULL, '1678528400.svg', 'default.png', NULL, NULL, NULL, NULL, NULL, 0, 'active', 'inactive', 'inactive', '2023-03-11 07:56:04', '2023-03-11 07:56:04', NULL),
(21, 22, 'materials', NULL, '1678528400.svg', 'default.png', NULL, NULL, NULL, NULL, NULL, 0, 'active', 'inactive', 'inactive', '2023-03-11 07:56:12', '2023-03-11 07:56:12', NULL),
(22, 22, 'materials', NULL, '1678528400.svg', 'default.png', NULL, NULL, NULL, NULL, NULL, 0, 'active', 'inactive', 'inactive', '2023-03-11 07:56:20', '2023-03-11 07:56:20', NULL),
(23, 22, 'finishes', NULL, '1678528400.svg', 'default.png', NULL, NULL, NULL, NULL, NULL, 0, 'active', 'active', 'inactive', '2023-03-11 07:59:44', '2023-03-11 08:00:15', NULL),
(24, 22, 'finishes', NULL, '1678528400.svg', 'default.png', NULL, NULL, NULL, NULL, NULL, 0, 'active', 'active', 'inactive', '2023-03-11 08:00:19', '2023-03-11 08:00:30', NULL),
(25, 22, 'finishes', NULL, '1678528400.svg', 'default.png', NULL, NULL, NULL, NULL, NULL, 0, 'active', 'active', 'inactive', '2023-03-11 08:00:44', '2023-03-11 08:00:53', NULL),
(26, 22, 'gallery', NULL, '2wGnGYcL2VbJo55Sz0KM7Fe7z8a0vjaPXInljdKF.jpg', 'default.png', NULL, NULL, NULL, NULL, NULL, 0, 'active', 'active', 'inactive', '2023-03-11 08:01:23', '2023-03-11 08:02:15', NULL),
(27, 22, 'gallery', NULL, 'IigJTIYBtOMfIs5iKEblIc2zBltKCRgDUuwqDaN2.jpg', 'default.png', NULL, NULL, NULL, NULL, NULL, 0, 'active', 'active', 'inactive', '2023-03-11 08:02:26', '2023-03-11 08:02:53', NULL),
(28, 22, 'gallery', NULL, 'TboAmDZNlEZop3sBqKa1IVzloX8sYzv5UdFvvrdw.jpg', 'default.png', NULL, NULL, NULL, NULL, NULL, 0, 'active', 'active', 'inactive', '2023-03-11 08:02:33', '2023-03-11 08:02:44', NULL),
(29, 22, 'comparisonTable', NULL, 'TboAmDZNlEZop3sBqKa1IVzloX8sYzv5UdFvvrdw.jpg', 'default.png', NULL, NULL, NULL, NULL, NULL, 0, 'active', 'active', 'inactive', '2023-03-11 08:03:20', '2023-03-13 05:45:07', NULL);




INSERT INTO `productitem_translations` (`id`, `title`, `short_description`, `description`, `seo_key`, `seo_des`, `productitem_id`, `locale`, `created_at`, `updated_at`) VALUES
(17, 'اطلب أجزاء مطبوعة ثلاثية الأبعاد عبر الإنترنت', NULL, '<div>نحن نقدم خدمات الطباعة ثلاثية الأبعاد لإنتاج كل من النماذج الأولية وسلسلة من الأجزاء في غضون 3 أيام. لدينا القدرة على إنتاج أجزاء بواسطة التلبيد الانتقائي بالليزر (SLS) ، HP Multi Jet Fusion (HP MJF) ، نمذجة الترسيب المنصهر (FDM) ، الطباعة الحجرية المجسمة (SLA) ، الكربون DLS ™ ، تلبيد المعادن بالليزر المباشر و PolyJet.</div><div><br></div>', NULL, NULL, 9, 'ar', NULL, NULL),
(18, 'Order 3D printed parts online', NULL, '<div style=\"direction: ltr;\"><div style=\"direction: ltr;\">نحن نقدم خدمات الطباعة ثلاثية الأبعاد لإنتاج كل من النماذج الأولية وسلسلة من الأجزاء في غضون 3 أيام. لدينا القدرة على إنتاج أجزاء بواسطة التلبيد الانتقائي بالليزر (SLS) ، HP Multi Jet Fusion (HP MJF) ، نمذجة الترسيب المنصهر (FDM) ، الطباعة الحجرية المجسمة (SLA) ، الكربون DLS ™ ، تلبيد المعادن بالليزر المباشر و PolyJet.</div><div style=\"direction: ltr;\"><br></div></div>', NULL, NULL, 9, 'en', NULL, NULL),
(19, 'MJF', 'توليف الضوء الرقمي', NULL, NULL, NULL, 10, 'ar', NULL, NULL),
(20, 'MJF', 'توليف الضوء الرقمي', NULL, NULL, NULL, 10, 'en', NULL, NULL),
(23, 'MJF 2', 'توليف الضوء الرقمي2', NULL, NULL, NULL, 12, 'ar', NULL, NULL),
(24, 'MJF 2', 'توليف الضوء الرقمي 2', NULL, NULL, NULL, 12, 'en', NULL, NULL),
(25, 'MJF 222', 'توليف الضوء الرقمي2', NULL, NULL, NULL, 13, 'ar', NULL, NULL),
(26, 'MJF 222', 'توليف الضوء الرقمي2', NULL, NULL, NULL, 13, 'en', NULL, NULL),
(27, 'MJF 22222', 'توليف الضوء الرقمي2', NULL, NULL, NULL, 14, 'ar', NULL, NULL),
(28, 'MJF 22222', 'توليف الضوء الرقمي2', NULL, NULL, NULL, 14, 'en', NULL, NULL),
(29, 'تحول سريع', 'يمكن عادةً شحن الأجزاء في أقل من 3 أيام ، مما يسمح بتكرار التصميم بشكل أسرع وسرعة طرحه في السوق.', NULL, NULL, NULL, 15, 'ar', NULL, NULL),
(30, 'تحول سريع', 'يمكن عادةً شحن الأجزاء في أقل من 3 أيام ، مما يسمح بتكرار التصميم بشكل أسرع وسرعة طرحه في السوق.', NULL, NULL, NULL, 15, 'en', NULL, NULL),
(31, 'دقة', 'يمكن عادةً شحن الأجزاء في أقل من 3 أيام ، مما يسمح بتكرار التصميم بشكل أسرع وسرعة طرحه في السوق.', NULL, NULL, NULL, 16, 'ar', NULL, NULL),
(32, 'دقة', 'يمكن عادةً شحن الأجزاء في أقل من 3 أيام ، مما يسمح بتكرار التصميم بشكل أسرع وسرعة طرحه في السوق.', NULL, NULL, NULL, 16, 'en', NULL, NULL),
(33, 'التشطيب', 'يمكن عادةً شحن الأجزاء في أقل من 3 أيام ، مما يسمح بتكرار التصميم بشكل أسرع وسرعة طرحه في السوق.', NULL, NULL, NULL, 17, 'ar', NULL, NULL),
(34, 'التشطيب', 'يمكن عادةً شحن الأجزاء في أقل من 3 أيام ، مما يسمح بتكرار التصميم بشكل أسرع وسرعة طرحه في السوق.', NULL, NULL, NULL, 17, 'en', NULL, NULL),
(35, 'اختيار المواد', 'يمكن عادةً شحن الأجزاء في أقل من 3 أيام ، مما يسمح بتكرار التصميم بشكل أسرع وسرعة طرحه في السوق.', NULL, NULL, NULL, 18, 'ar', NULL, NULL),
(36, 'اختيار المواد', 'يمكن عادةً شحن الأجزاء في أقل من 3 أيام ، مما يسمح بتكرار التصميم بشكل أسرع وسرعة طرحه في السوق.', NULL, NULL, NULL, 18, 'en', NULL, NULL),
(37, 'البلاستيك الصلب', 'نحن نقدم خدمات الطباعة ثلاثية الأبعاد لإنتاج كل من النماذج الأولية وسلسلة من الأجزاء في غضون 3 أيام. لدينا القدرة على إنتاج أجزاء بواسطة التلبيد الانتقائي بالليزر (SLS) ، HP Multi Jet Fusion (HP MJF) ، نمذجة الترسيب المنصهر (FDM) ، الطباعة الحجرية المجسمة (SLA) ، الكربون DLS ™ ، تلبيد المعادن بالليزر المباشر و PolyJet.', '<p><br></p>', NULL, NULL, 19, 'ar', NULL, NULL),
(38, 'اختيار المواد22', 'نحن نقدم خدمات الطباعة ثلاثية الأبعاد لإنتاج كل من النماذج الأولية وسلسلة من الأجزاء في غضون 3 أيام. لدينا القدرة على إنتاج أجزاء بواسطة التلبيد الانتقائي بالليزر (SLS) ، HP Multi Jet Fusion (HP MJF) ، نمذجة الترسيب المنصهر (FDM) ، الطباعة الحجرية المجسمة (SLA) ، الكربون DLS ™ ، تلبيد المعادن بالليزر المباشر و PolyJet.', NULL, NULL, NULL, 19, 'en', NULL, NULL),
(39, 'البلاستيك الصلب3', 'نحن نقدم خدمات الطباعة ثلاثية الأبعاد لإنتاج كل من النماذج الأولية وسلسلة من الأجزاء في غضون 3 أيام. لدينا القدرة على إنتاج أجزاء بواسطة التلبيد الانتقائي بالليزر (SLS) ، HP Multi Jet Fusion (HP MJF) ، نمذجة الترسيب المنصهر (FDM) ، الطباعة الحجرية المجسمة (SLA) ، الكربون DLS ™ ، تلبيد المعادن بالليزر المباشر و PolyJet.', '<p><br></p>', NULL, NULL, 20, 'ar', NULL, NULL),
(40, 'البلاستيك الصلب5', 'نحن نقدم خدمات الطباعة ثلاثية الأبعاد لإنتاج كل من النماذج الأولية وسلسلة من الأجزاء في غضون 3 أيام. لدينا القدرة على إنتاج أجزاء بواسطة التلبيد الانتقائي بالليزر (SLS) ، HP Multi Jet Fusion (HP MJF) ، نمذجة الترسيب المنصهر (FDM) ، الطباعة الحجرية المجسمة (SLA) ، الكربون DLS ™ ، تلبيد المعادن بالليزر المباشر و PolyJet.', '<p><br></p>', NULL, NULL, 20, 'en', NULL, NULL),
(41, 'البلاستيك الصلب35', 'نحن نقدم خدمات الطباعة ثلاثية الأبعاد لإنتاج كل من النماذج الأولية وسلسلة من الأجزاء في غضون 3 أيام. لدينا القدرة على إنتاج أجزاء بواسطة التلبيد الانتقائي بالليزر (SLS) ، HP Multi Jet Fusion (HP MJF) ، نمذجة الترسيب المنصهر (FDM) ، الطباعة الحجرية المجسمة (SLA) ، الكربون DLS ™ ، تلبيد المعادن بالليزر المباشر و PolyJet.', '<p><br></p>', NULL, NULL, 21, 'ar', NULL, NULL),
(42, 'البلاستيك الصلب35', 'نحن نقدم خدمات الطباعة ثلاثية الأبعاد لإنتاج كل من النماذج الأولية وسلسلة من الأجزاء في غضون 3 أيام. لدينا القدرة على إنتاج أجزاء بواسطة التلبيد الانتقائي بالليزر (SLS) ، HP Multi Jet Fusion (HP MJF) ، نمذجة الترسيب المنصهر (FDM) ، الطباعة الحجرية المجسمة (SLA) ، الكربون DLS ™ ، تلبيد المعادن بالليزر المباشر و PolyJet.', '<p><br></p>', NULL, NULL, 21, 'en', NULL, NULL),
(43, 'البلاستيك الصلب353', 'نحن نقدم خدمات الطباعة ثلاثية الأبعاد لإنتاج كل من النماذج الأولية وسلسلة من الأجزاء في غضون 3 أيام. لدينا القدرة على إنتاج أجزاء بواسطة التلبيد الانتقائي بالليزر (SLS) ، HP Multi Jet Fusion (HP MJF) ، نمذجة الترسيب المنصهر (FDM) ، الطباعة الحجرية المجسمة (SLA) ، الكربون DLS ™ ، تلبيد المعادن بالليزر المباشر و PolyJet.', '<p><br></p>', NULL, NULL, 22, 'ar', NULL, NULL),
(44, 'البلاستيك الصلب353', 'نحن نقدم خدمات الطباعة ثلاثية الأبعاد لإنتاج كل من النماذج الأولية وسلسلة من الأجزاء في غضون 3 أيام. لدينا القدرة على إنتاج أجزاء بواسطة التلبيد الانتقائي بالليزر (SLS) ، HP Multi Jet Fusion (HP MJF) ، نمذجة الترسيب المنصهر (FDM) ، الطباعة الحجرية المجسمة (SLA) ، الكربون DLS ™ ، تلبيد المعادن بالليزر المباشر و PolyJet.', '<p><br></p>', NULL, NULL, 22, 'en', NULL, NULL),
(45, 'مطبوع', 'هذا هو خيار الإنهاء مع أسرع تحول. يتم ترك بعض الأجزاء مع طبقات مرئية يمكن إزالتها عند الطلب. يسمح خيار الإنهاء هذا لتلميع البلاستيك بتقليل خشونة السطح أو تحسين الوضوح. خيارات التشطيب للأجزاء المطبوعة ثلاثية الأبعاد', '<p><br></p>', NULL, NULL, 23, 'ar', NULL, NULL),
(46, 'البلاستيك الصلب3532', 'هذا هو خيار الإنهاء مع أسرع تحول. يتم ترك بعض الأجزاء مع طبقات مرئية يمكن إزالتها عند الطلب. يسمح خيار الإنهاء هذا لتلميع البلاستيك بتقليل خشونة السطح أو تحسين الوضوح. خيارات التشطيب للأجزاء المطبوعة ثلاثية الأبعاد', '<p><br></p>', NULL, NULL, 23, 'en', NULL, NULL),
(47, 'تلميع بالبخار', 'هذا هو خيار الإنهاء مع أسرع تحول. يتم ترك بعض الأجزاء مع طبقات مرئية يمكن إزالتها عند الطلب. يسمح خيار الإنهاء هذا لتلميع البلاستيك بتقليل خشونة السطح أو تحسين الوضوح. خيارات التشطيب للأجزاء المطبوعة ثلاثية الأبعاد', '<p><br></p>', NULL, NULL, 24, 'ar', NULL, NULL),
(48, 'تلميع بالبخار', 'هذا هو خيار الإنهاء مع أسرع تحول. يتم ترك بعض الأجزاء مع طبقات مرئية يمكن إزالتها عند الطلب. يسمح خيار الإنهاء هذا لتلميع البلاستيك بتقليل خشونة السطح أو تحسين الوضوح. خيارات التشطيب للأجزاء المطبوعة ثلاثية الأبعاد', '<p><br></p>', NULL, NULL, 24, 'en', NULL, NULL),
(49, 'إنهاء مخصص', 'هذا هو خيار الإنهاء مع أسرع تحول. يتم ترك بعض الأجزاء مع طبقات مرئية يمكن إزالتها عند الطلب. يسمح خيار الإنهاء هذا لتلميع البلاستيك بتقليل خشونة السطح أو تحسين الوضوح. خيارات التشطيب للأجزاء المطبوعة ثلاثية الأبعاد', '<p><br></p>', NULL, NULL, 25, 'ar', NULL, NULL),
(50, 'إنهاء مخصص', 'هذا هو خيار الإنهاء مع أسرع تحول. يتم ترك بعض الأجزاء مع طبقات مرئية يمكن إزالتها عند الطلب. يسمح خيار الإنهاء هذا لتلميع البلاستيك بتقليل خشونة السطح أو تحسين الوضوح. خيارات التشطيب للأجزاء المطبوعة ثلاثية الأبعاد', '<p><br></p>', NULL, NULL, 25, 'en', NULL, NULL),
(51, 'عنوان 1', NULL, '<p><br></p>', NULL, NULL, 26, 'ar', NULL, NULL),
(52, 'عنوان 1', NULL, '<p><br></p>', NULL, NULL, 26, 'en', NULL, NULL),
(53, 'عنوان 13', NULL, '<p><br></p>', NULL, NULL, 27, 'ar', NULL, NULL),
(54, 'عنوان 12', NULL, '<p><br></p>', NULL, NULL, 27, 'en', NULL, NULL),
(55, 'عنوان 136', NULL, '<p><br></p>', NULL, NULL, 28, 'ar', NULL, NULL),
(56, 'عنوان 134', NULL, '<p><br></p>', NULL, NULL, 28, 'en', NULL, NULL),
(57, 'مقارنة بين إمكانيات الطباعة ثلاثية الأبعاد الخاصة بنا', NULL, '<table class=\"table\" style=\"caption-side: bottom; --bs-table-color:var(--bs-body-color); --bs-table-bg:transparent; --bs-table-border-color:var(--bs-border-color); --bs-table-accent-bg:transparent; --bs-table-striped-color:var(--bs-body-color); --bs-table-striped-bg:rgba(0, 0, 0, 0.05); --bs-table-active-color:var(--bs-body-color); --bs-table-active-bg:rgba(0, 0, 0, 0.1); --bs-table-hover-color:var(--bs-body-color); --bs-table-hover-bg:rgba(0, 0, 0, 0.075); width: 830px; margin-bottom: 1rem; color: rgb(33, 37, 41); vertical-align: top; border-color: var(--bs-table-border-color); font-family: &quot;Open Sans&quot;, sans-serif; font-size: 16px; background-color: rgb(255, 255, 255);\"><thead style=\"border-style: solid; border-width: 0px; vertical-align: bottom;\"><tr style=\"border-style: solid; border-width: 0px;\"><th scope=\"col\" style=\"text-align: -webkit-match-parent; border-color: inherit; border-top-style: solid; border-right-style: solid; border-left-style: solid; border-right-width: 0px; border-bottom-width: var(--bs-border-width); border-left-width: 0px; padding: 0.5rem; background-color: var(--bs-table-bg); box-shadow: inset 0 0 0 9999px var(--bs-table-accent-bg);\">--</th><th scope=\"col\" style=\"text-align: -webkit-match-parent; border-color: inherit; border-top-style: solid; border-right-style: solid; border-left-style: solid; border-right-width: 0px; border-bottom-width: var(--bs-border-width); border-left-width: 0px; padding: 0.5rem; background-color: var(--bs-table-bg); box-shadow: inset 0 0 0 9999px var(--bs-table-accent-bg);\">SLS</th><th scope=\"col\" style=\"text-align: -webkit-match-parent; border-color: inherit; border-top-style: solid; border-right-style: solid; border-left-style: solid; border-right-width: 0px; border-bottom-width: var(--bs-border-width); border-left-width: 0px; padding: 0.5rem; background-color: var(--bs-table-bg); box-shadow: inset 0 0 0 9999px var(--bs-table-accent-bg);\">HP MJF</th><th scope=\"col\" style=\"text-align: -webkit-match-parent; border-color: inherit; border-top-style: solid; border-right-style: solid; border-left-style: solid; border-right-width: 0px; border-bottom-width: var(--bs-border-width); border-left-width: 0px; padding: 0.5rem; background-color: var(--bs-table-bg); box-shadow: inset 0 0 0 9999px var(--bs-table-accent-bg);\">FDM</th><th scope=\"col\" style=\"text-align: -webkit-match-parent; border-color: inherit; border-top-style: solid; border-right-style: solid; border-left-style: solid; border-right-width: 0px; border-bottom-width: var(--bs-border-width); border-left-width: 0px; padding: 0.5rem; background-color: var(--bs-table-bg); box-shadow: inset 0 0 0 9999px var(--bs-table-accent-bg);\">DLS الكربون</th><th scope=\"col\" style=\"text-align: -webkit-match-parent; border-color: inherit; border-top-style: solid; border-right-style: solid; border-left-style: solid; border-right-width: 0px; border-bottom-width: var(--bs-border-width); border-left-width: 0px; padding: 0.5rem; background-color: var(--bs-table-bg); box-shadow: inset 0 0 0 9999px var(--bs-table-accent-bg);\">بولي جيت</th></tr></thead><tbody style=\"border-style: solid; border-width: 0px; vertical-align: inherit;\"><tr style=\"border-style: solid; border-width: 0px;\"><th scope=\"row\" style=\"text-align: -webkit-match-parent; border-color: inherit; border-right-style: solid; border-bottom-style: solid; border-left-style: solid; border-top-width: 0px; border-right-width: 0px; border-bottom-width: var(--bs-border-width); border-left-width: 0px; padding: 0.5rem; background-color: var(--bs-table-bg); box-shadow: inset 0 0 0 9999px var(--bs-table-accent-bg);\">المهلة</th><td style=\"border-color: inherit; border-right-style: solid; border-bottom-style: solid; border-left-style: solid; border-top-width: 0px; border-right-width: 0px; border-bottom-width: var(--bs-border-width); border-left-width: 0px; padding: 0.5rem; background-color: var(--bs-table-bg); box-shadow: inset 0 0 0 9999px var(--bs-table-accent-bg);\">3 أيام</td><td style=\"border-color: inherit; border-right-style: solid; border-bottom-style: solid; border-left-style: solid; border-top-width: 0px; border-right-width: 0px; border-bottom-width: var(--bs-border-width); border-left-width: 0px; padding: 0.5rem; background-color: var(--bs-table-bg); box-shadow: inset 0 0 0 9999px var(--bs-table-accent-bg);\">3 أيام</td><td style=\"border-color: inherit; border-right-style: solid; border-bottom-style: solid; border-left-style: solid; border-top-width: 0px; border-right-width: 0px; border-bottom-width: var(--bs-border-width); border-left-width: 0px; padding: 0.5rem; background-color: var(--bs-table-bg); box-shadow: inset 0 0 0 9999px var(--bs-table-accent-bg);\">7 أيام</td><td style=\"border-color: inherit; border-right-style: solid; border-bottom-style: solid; border-left-style: solid; border-top-width: 0px; border-right-width: 0px; border-bottom-width: var(--bs-border-width); border-left-width: 0px; padding: 0.5rem; background-color: var(--bs-table-bg); box-shadow: inset 0 0 0 9999px var(--bs-table-accent-bg);\">8 أيام</td><td style=\"border-color: inherit; border-right-style: solid; border-bottom-style: solid; border-left-style: solid; border-top-width: 0px; border-right-width: 0px; border-bottom-width: var(--bs-border-width); border-left-width: 0px; padding: 0.5rem; background-color: var(--bs-table-bg); box-shadow: inset 0 0 0 9999px var(--bs-table-accent-bg);\">5 ايام</td></tr><tr style=\"border-style: solid; border-width: 0px;\"><th scope=\"row\" style=\"text-align: -webkit-match-parent; border-color: inherit; border-right-style: solid; border-bottom-style: solid; border-left-style: solid; border-top-width: 0px; border-right-width: 0px; border-bottom-width: var(--bs-border-width); border-left-width: 0px; padding: 0.5rem; background-color: var(--bs-table-bg); box-shadow: inset 0 0 0 9999px var(--bs-table-accent-bg);\">حجم البناء</th><td style=\"border-color: inherit; border-right-style: solid; border-bottom-style: solid; border-left-style: solid; border-top-width: 0px; border-right-width: 0px; border-bottom-width: var(--bs-border-width); border-left-width: 0px; padding: 0.5rem; background-color: var(--bs-table-bg); box-shadow: inset 0 0 0 9999px var(--bs-table-accent-bg);\">حتى 914 × 610 × 914 ملم</td><td style=\"border-color: inherit; border-right-style: solid; border-bottom-style: solid; border-left-style: solid; border-top-width: 0px; border-right-width: 0px; border-bottom-width: var(--bs-border-width); border-left-width: 0px; padding: 0.5rem; background-color: var(--bs-table-bg); box-shadow: inset 0 0 0 9999px var(--bs-table-accent-bg);\"></td><td style=\"border-color: inherit; border-right-style: solid; border-bottom-style: solid; border-left-style: solid; border-top-width: 0px; border-right-width: 0px; border-bottom-width: var(--bs-border-width); border-left-width: 0px; padding: 0.5rem; background-color: var(--bs-table-bg); box-shadow: inset 0 0 0 9999px var(--bs-table-accent-bg);\"></td><td style=\"border-color: inherit; border-right-style: solid; border-bottom-style: solid; border-left-style: solid; border-top-width: 0px; border-right-width: 0px; border-bottom-width: var(--bs-border-width); border-left-width: 0px; padding: 0.5rem; background-color: var(--bs-table-bg); box-shadow: inset 0 0 0 9999px var(--bs-table-accent-bg);\"></td><td style=\"border-color: inherit; border-right-style: solid; border-bottom-style: solid; border-left-style: solid; border-top-width: 0px; border-right-width: 0px; border-bottom-width: var(--bs-border-width); border-left-width: 0px; padding: 0.5rem; background-color: var(--bs-table-bg); box-shadow: inset 0 0 0 9999px var(--bs-table-accent-bg);\"></td></tr><tr style=\"border-style: solid; border-width: 0px;\"><th scope=\"row\" style=\"text-align: -webkit-match-parent; border-color: inherit; border-right-style: solid; border-bottom-style: solid; border-left-style: solid; border-top-width: 0px; border-right-width: 0px; border-bottom-width: var(--bs-border-width); border-left-width: 0px; padding: 0.5rem; background-color: var(--bs-table-bg); box-shadow: inset 0 0 0 9999px var(--bs-table-accent-bg);\">سماكة الطبقة</th><td style=\"border-color: inherit; border-right-style: solid; border-bottom-style: solid; border-left-style: solid; border-top-width: 0px; border-right-width: 0px; border-bottom-width: var(--bs-border-width); border-left-width: 0px; padding: 0.5rem; background-color: var(--bs-table-bg); box-shadow: inset 0 0 0 9999px var(--bs-table-accent-bg);\">Cell</td><td style=\"border-color: inherit; border-right-style: solid; border-bottom-style: solid; border-left-style: solid; border-top-width: 0px; border-right-width: 0px; border-bottom-width: var(--bs-border-width); border-left-width: 0px; padding: 0.5rem; background-color: var(--bs-table-bg); box-shadow: inset 0 0 0 9999px var(--bs-table-accent-bg);\">Cell</td><td style=\"border-color: inherit; border-right-style: solid; border-bottom-style: solid; border-left-style: solid; border-top-width: 0px; border-right-width: 0px; border-bottom-width: var(--bs-border-width); border-left-width: 0px; padding: 0.5rem; background-color: var(--bs-table-bg); box-shadow: inset 0 0 0 9999px var(--bs-table-accent-bg);\">Cell</td><td style=\"border-color: inherit; border-right-style: solid; border-bottom-style: solid; border-left-style: solid; border-top-width: 0px; border-right-width: 0px; border-bottom-width: var(--bs-border-width); border-left-width: 0px; padding: 0.5rem; background-color: var(--bs-table-bg); box-shadow: inset 0 0 0 9999px var(--bs-table-accent-bg);\">Cell</td><td style=\"border-color: inherit; border-right-style: solid; border-bottom-style: solid; border-left-style: solid; border-top-width: 0px; border-right-width: 0px; border-bottom-width: var(--bs-border-width); border-left-width: 0px; padding: 0.5rem; background-color: var(--bs-table-bg); box-shadow: inset 0 0 0 9999px var(--bs-table-accent-bg);\">Cell</td></tr><tr style=\"border-style: solid; border-width: 0px;\"><th scope=\"row\" style=\"text-align: -webkit-match-parent; border-color: inherit; border-right-style: solid; border-bottom-style: solid; border-left-style: solid; border-top-width: 0px; border-right-width: 0px; border-bottom-width: var(--bs-border-width); border-left-width: 0px; padding: 0.5rem; background-color: var(--bs-table-bg); box-shadow: inset 0 0 0 9999px var(--bs-table-accent-bg);\">الحد الأدنى لحجم الميزة</th><td style=\"border-color: inherit; border-right-style: solid; border-bottom-style: solid; border-left-style: solid; border-top-width: 0px; border-right-width: 0px; border-bottom-width: var(--bs-border-width); border-left-width: 0px; padding: 0.5rem; background-color: var(--bs-table-bg); box-shadow: inset 0 0 0 9999px var(--bs-table-accent-bg);\">Cell</td><td style=\"border-color: inherit; border-right-style: solid; border-bottom-style: solid; border-left-style: solid; border-top-width: 0px; border-right-width: 0px; border-bottom-width: var(--bs-border-width); border-left-width: 0px; padding: 0.5rem; background-color: var(--bs-table-bg); box-shadow: inset 0 0 0 9999px var(--bs-table-accent-bg);\">Cell</td><td style=\"border-color: inherit; border-right-style: solid; border-bottom-style: solid; border-left-style: solid; border-top-width: 0px; border-right-width: 0px; border-bottom-width: var(--bs-border-width); border-left-width: 0px; padding: 0.5rem; background-color: var(--bs-table-bg); box-shadow: inset 0 0 0 9999px var(--bs-table-accent-bg);\">Cell</td><td style=\"border-color: inherit; border-right-style: solid; border-bottom-style: solid; border-left-style: solid; border-top-width: 0px; border-right-width: 0px; border-bottom-width: var(--bs-border-width); border-left-width: 0px; padding: 0.5rem; background-color: var(--bs-table-bg); box-shadow: inset 0 0 0 9999px var(--bs-table-accent-bg);\">Cell</td><td style=\"border-color: inherit; border-right-style: solid; border-bottom-style: solid; border-left-style: solid; border-top-width: 0px; border-right-width: 0px; border-bottom-width: var(--bs-border-width); border-left-width: 0px; padding: 0.5rem; background-color: var(--bs-table-bg); box-shadow: inset 0 0 0 9999px var(--bs-table-accent-bg);\">Cell</td></tr><tr style=\"border-style: solid; border-width: 0px;\"><th scope=\"row\" style=\"text-align: -webkit-match-parent; border-color: inherit; border-right-style: solid; border-bottom-style: solid; border-left-style: solid; border-top-width: 0px; border-right-width: 0px; border-bottom-width: var(--bs-border-width); border-left-width: 0px; padding: 0.5rem; background-color: var(--bs-table-bg); box-shadow: inset 0 0 0 9999px var(--bs-table-accent-bg);\">تفاوت</th><td style=\"border-color: inherit; border-right-style: solid; border-bottom-style: solid; border-left-style: solid; border-top-width: 0px; border-right-width: 0px; border-bottom-width: var(--bs-border-width); border-left-width: 0px; padding: 0.5rem; background-color: var(--bs-table-bg); box-shadow: inset 0 0 0 9999px var(--bs-table-accent-bg);\">Cell</td><td style=\"border-color: inherit; border-right-style: solid; border-bottom-style: solid; border-left-style: solid; border-top-width: 0px; border-right-width: 0px; border-bottom-width: var(--bs-border-width); border-left-width: 0px; padding: 0.5rem; background-color: var(--bs-table-bg); box-shadow: inset 0 0 0 9999px var(--bs-table-accent-bg);\">Cell</td><td style=\"border-color: inherit; border-right-style: solid; border-bottom-style: solid; border-left-style: solid; border-top-width: 0px; border-right-width: 0px; border-bottom-width: var(--bs-border-width); border-left-width: 0px; padding: 0.5rem; background-color: var(--bs-table-bg); box-shadow: inset 0 0 0 9999px var(--bs-table-accent-bg);\">Cell</td><td style=\"border-color: inherit; border-right-style: solid; border-bottom-style: solid; border-left-style: solid; border-top-width: 0px; border-right-width: 0px; border-bottom-width: var(--bs-border-width); border-left-width: 0px; padding: 0.5rem; background-color: var(--bs-table-bg); box-shadow: inset 0 0 0 9999px var(--bs-table-accent-bg);\">Cell</td><td style=\"border-color: inherit; border-right-style: solid; border-bottom-style: solid; border-left-style: solid; border-top-width: 0px; border-right-width: 0px; border-bottom-width: var(--bs-border-width); border-left-width: 0px; padding: 0.5rem; background-color: var(--bs-table-bg); box-shadow: inset 0 0 0 9999px var(--bs-table-accent-bg);\">Cell</td></tr><tr style=\"border-style: solid; border-width: 0px;\"><th scope=\"row\" style=\"text-align: -webkit-match-parent; border-color: inherit; border-right-style: solid; border-bottom-style: solid; border-left-style: solid; border-top-width: 0px; border-right-width: 0px; border-bottom-width: var(--bs-border-width); border-left-width: 0px; padding: 0.5rem; background-color: var(--bs-table-bg); box-shadow: inset 0 0 0 9999px var(--bs-table-accent-bg);\">وصف</th><td style=\"border-color: inherit; border-right-style: solid; border-bottom-style: solid; border-left-style: solid; border-top-width: 0px; border-right-width: 0px; border-bottom-width: var(--bs-border-width); border-left-width: 0px; padding: 0.5rem; background-color: var(--bs-table-bg); box-shadow: inset 0 0 0 9999px var(--bs-table-accent-bg);\">Cell</td><td style=\"border-color: inherit; border-right-style: solid; border-bottom-style: solid; border-left-style: solid; border-top-width: 0px; border-right-width: 0px; border-bottom-width: var(--bs-border-width); border-left-width: 0px; padding: 0.5rem; background-color: var(--bs-table-bg); box-shadow: inset 0 0 0 9999px var(--bs-table-accent-bg);\">Cell</td><td style=\"border-color: inherit; border-right-style: solid; border-bottom-style: solid; border-left-style: solid; border-top-width: 0px; border-right-width: 0px; border-bottom-width: var(--bs-border-width); border-left-width: 0px; padding: 0.5rem; background-color: var(--bs-table-bg); box-shadow: inset 0 0 0 9999px var(--bs-table-accent-bg);\">Cell</td><td style=\"border-color: inherit; border-right-style: solid; border-bottom-style: solid; border-left-style: solid; border-top-width: 0px; border-right-width: 0px; border-bottom-width: var(--bs-border-width); border-left-width: 0px; padding: 0.5rem; background-color: var(--bs-table-bg); box-shadow: inset 0 0 0 9999px var(--bs-table-accent-bg);\">Cell</td><td style=\"border-color: inherit; border-right-style: solid; border-bottom-style: solid; border-left-style: solid; border-top-width: 0px; border-right-width: 0px; border-bottom-width: var(--bs-border-width); border-left-width: 0px; padding: 0.5rem; background-color: var(--bs-table-bg); box-shadow: inset 0 0 0 9999px var(--bs-table-accent-bg);\">Cell</td></tr></tbody></table>', NULL, NULL, 29, 'ar', NULL, NULL),
(58, 'مقارنة بين إمكانيات الطباعة ثلاثية الأبعاد الخاصة بنا', NULL, '<table class=\"table\" style=\"background-color: rgb(255, 255, 255); width: 830px; margin-bottom: 1rem; caption-side: bottom; --bs-table-color:var(--bs-body-color); --bs-table-bg:transparent; --bs-table-border-color:var(--bs-border-color); --bs-table-accent-bg:transparent; --bs-table-striped-color:var(--bs-body-color); --bs-table-striped-bg:rgba(0, 0, 0, 0.05); --bs-table-active-color:var(--bs-body-color); --bs-table-active-bg:rgba(0, 0, 0, 0.1); --bs-table-hover-color:var(--bs-body-color); --bs-table-hover-bg:rgba(0, 0, 0, 0.075); color: rgb(33, 37, 41); vertical-align: top; border-color: var(--bs-table-border-color); font-family: &quot;Open Sans&quot;, sans-serif; font-size: 16px;\"><thead style=\"border-style: solid; border-width: 0px; vertical-align: bottom;\"><tr style=\"border-style: solid; border-width: 0px;\"><th scope=\"col\" style=\"padding: 0.5rem; text-align: -webkit-match-parent; line-height: 1.42857; border-top-style: solid; border-right-style: solid; border-left-style: solid; border-color: inherit; border-bottom-width: var(--bs-border-width); border-right-width: 0px; border-left-width: 0px; background-color: var(--bs-table-bg); box-shadow: inset 0 0 0 9999px var(--bs-table-accent-bg);\">--</th><th scope=\"col\" style=\"padding: 0.5rem; text-align: -webkit-match-parent; line-height: 1.42857; border-top-style: solid; border-right-style: solid; border-left-style: solid; border-color: inherit; border-bottom-width: var(--bs-border-width); border-right-width: 0px; border-left-width: 0px; background-color: var(--bs-table-bg); box-shadow: inset 0 0 0 9999px var(--bs-table-accent-bg);\">SLS</th><th scope=\"col\" style=\"padding: 0.5rem; text-align: -webkit-match-parent; line-height: 1.42857; border-top-style: solid; border-right-style: solid; border-left-style: solid; border-color: inherit; border-bottom-width: var(--bs-border-width); border-right-width: 0px; border-left-width: 0px; background-color: var(--bs-table-bg); box-shadow: inset 0 0 0 9999px var(--bs-table-accent-bg);\">HP MJF</th><th scope=\"col\" style=\"padding: 0.5rem; text-align: -webkit-match-parent; line-height: 1.42857; border-top-style: solid; border-right-style: solid; border-left-style: solid; border-color: inherit; border-bottom-width: var(--bs-border-width); border-right-width: 0px; border-left-width: 0px; background-color: var(--bs-table-bg); box-shadow: inset 0 0 0 9999px var(--bs-table-accent-bg);\">FDM</th><th scope=\"col\" style=\"padding: 0.5rem; text-align: -webkit-match-parent; line-height: 1.42857; border-top-style: solid; border-right-style: solid; border-left-style: solid; border-color: inherit; border-bottom-width: var(--bs-border-width); border-right-width: 0px; border-left-width: 0px; background-color: var(--bs-table-bg); box-shadow: inset 0 0 0 9999px var(--bs-table-accent-bg);\">DLS الكربون</th><th scope=\"col\" style=\"padding: 0.5rem; text-align: -webkit-match-parent; line-height: 1.42857; border-top-style: solid; border-right-style: solid; border-left-style: solid; border-color: inherit; border-bottom-width: var(--bs-border-width); border-right-width: 0px; border-left-width: 0px; background-color: var(--bs-table-bg); box-shadow: inset 0 0 0 9999px var(--bs-table-accent-bg);\">بولي جيت</th></tr></thead><tbody style=\"border-style: solid; border-width: 0px; vertical-align: inherit;\"><tr style=\"border-style: solid; border-width: 0px;\"><th scope=\"row\" style=\"padding: 0.5rem; text-align: -webkit-match-parent; line-height: 1.42857; border-top-width: 0px; border-right-style: solid; border-bottom-style: solid; border-left-style: solid; border-color: inherit; border-right-width: 0px; border-bottom-width: var(--bs-border-width); border-left-width: 0px; background-color: var(--bs-table-bg); box-shadow: inset 0 0 0 9999px var(--bs-table-accent-bg);\">المهلة</th><td style=\"padding: 0.5rem; line-height: 1.42857; border-top-width: 0px; border-right-style: solid; border-bottom-style: solid; border-left-style: solid; border-color: inherit; border-right-width: 0px; border-bottom-width: var(--bs-border-width); border-left-width: 0px; background-color: var(--bs-table-bg); box-shadow: inset 0 0 0 9999px var(--bs-table-accent-bg);\">3 أيام</td><td style=\"padding: 0.5rem; line-height: 1.42857; border-top-width: 0px; border-right-style: solid; border-bottom-style: solid; border-left-style: solid; border-color: inherit; border-right-width: 0px; border-bottom-width: var(--bs-border-width); border-left-width: 0px; background-color: var(--bs-table-bg); box-shadow: inset 0 0 0 9999px var(--bs-table-accent-bg);\">3 أيام</td><td style=\"padding: 0.5rem; line-height: 1.42857; border-top-width: 0px; border-right-style: solid; border-bottom-style: solid; border-left-style: solid; border-color: inherit; border-right-width: 0px; border-bottom-width: var(--bs-border-width); border-left-width: 0px; background-color: var(--bs-table-bg); box-shadow: inset 0 0 0 9999px var(--bs-table-accent-bg);\">7 أيام</td><td style=\"padding: 0.5rem; line-height: 1.42857; border-top-width: 0px; border-right-style: solid; border-bottom-style: solid; border-left-style: solid; border-color: inherit; border-right-width: 0px; border-bottom-width: var(--bs-border-width); border-left-width: 0px; background-color: var(--bs-table-bg); box-shadow: inset 0 0 0 9999px var(--bs-table-accent-bg);\">8 أيام</td><td style=\"padding: 0.5rem; line-height: 1.42857; border-top-width: 0px; border-right-style: solid; border-bottom-style: solid; border-left-style: solid; border-color: inherit; border-right-width: 0px; border-bottom-width: var(--bs-border-width); border-left-width: 0px; background-color: var(--bs-table-bg); box-shadow: inset 0 0 0 9999px var(--bs-table-accent-bg);\">5 ايام</td></tr><tr style=\"border-style: solid; border-width: 0px;\"><th scope=\"row\" style=\"padding: 0.5rem; text-align: -webkit-match-parent; line-height: 1.42857; border-top-width: 0px; border-right-style: solid; border-bottom-style: solid; border-left-style: solid; border-color: inherit; border-right-width: 0px; border-bottom-width: var(--bs-border-width); border-left-width: 0px; background-color: var(--bs-table-bg); box-shadow: inset 0 0 0 9999px var(--bs-table-accent-bg);\">حجم البناء</th><td style=\"padding: 0.5rem; line-height: 1.42857; border-top-width: 0px; border-right-style: solid; border-bottom-style: solid; border-left-style: solid; border-color: inherit; border-right-width: 0px; border-bottom-width: var(--bs-border-width); border-left-width: 0px; background-color: var(--bs-table-bg); box-shadow: inset 0 0 0 9999px var(--bs-table-accent-bg);\">حتى 914 × 610 × 914 ملم</td><td style=\"padding: 0.5rem; line-height: 1.42857; border-top-width: 0px; border-right-style: solid; border-bottom-style: solid; border-left-style: solid; border-color: inherit; border-right-width: 0px; border-bottom-width: var(--bs-border-width); border-left-width: 0px; background-color: var(--bs-table-bg); box-shadow: inset 0 0 0 9999px var(--bs-table-accent-bg);\"></td><td style=\"padding: 0.5rem; line-height: 1.42857; border-top-width: 0px; border-right-style: solid; border-bottom-style: solid; border-left-style: solid; border-color: inherit; border-right-width: 0px; border-bottom-width: var(--bs-border-width); border-left-width: 0px; background-color: var(--bs-table-bg); box-shadow: inset 0 0 0 9999px var(--bs-table-accent-bg);\"></td><td style=\"padding: 0.5rem; line-height: 1.42857; border-top-width: 0px; border-right-style: solid; border-bottom-style: solid; border-left-style: solid; border-color: inherit; border-right-width: 0px; border-bottom-width: var(--bs-border-width); border-left-width: 0px; background-color: var(--bs-table-bg); box-shadow: inset 0 0 0 9999px var(--bs-table-accent-bg);\"></td><td style=\"padding: 0.5rem; line-height: 1.42857; border-top-width: 0px; border-right-style: solid; border-bottom-style: solid; border-left-style: solid; border-color: inherit; border-right-width: 0px; border-bottom-width: var(--bs-border-width); border-left-width: 0px; background-color: var(--bs-table-bg); box-shadow: inset 0 0 0 9999px var(--bs-table-accent-bg);\"></td></tr><tr style=\"border-style: solid; border-width: 0px;\"><th scope=\"row\" style=\"padding: 0.5rem; text-align: -webkit-match-parent; line-height: 1.42857; border-top-width: 0px; border-right-style: solid; border-bottom-style: solid; border-left-style: solid; border-color: inherit; border-right-width: 0px; border-bottom-width: var(--bs-border-width); border-left-width: 0px; background-color: var(--bs-table-bg); box-shadow: inset 0 0 0 9999px var(--bs-table-accent-bg);\">سماكة الطبقة</th><td style=\"padding: 0.5rem; line-height: 1.42857; border-top-width: 0px; border-right-style: solid; border-bottom-style: solid; border-left-style: solid; border-color: inherit; border-right-width: 0px; border-bottom-width: var(--bs-border-width); border-left-width: 0px; background-color: var(--bs-table-bg); box-shadow: inset 0 0 0 9999px var(--bs-table-accent-bg);\">Cell</td><td style=\"padding: 0.5rem; line-height: 1.42857; border-top-width: 0px; border-right-style: solid; border-bottom-style: solid; border-left-style: solid; border-color: inherit; border-right-width: 0px; border-bottom-width: var(--bs-border-width); border-left-width: 0px; background-color: var(--bs-table-bg); box-shadow: inset 0 0 0 9999px var(--bs-table-accent-bg);\">Cell</td><td style=\"padding: 0.5rem; line-height: 1.42857; border-top-width: 0px; border-right-style: solid; border-bottom-style: solid; border-left-style: solid; border-color: inherit; border-right-width: 0px; border-bottom-width: var(--bs-border-width); border-left-width: 0px; background-color: var(--bs-table-bg); box-shadow: inset 0 0 0 9999px var(--bs-table-accent-bg);\">Cell</td><td style=\"padding: 0.5rem; line-height: 1.42857; border-top-width: 0px; border-right-style: solid; border-bottom-style: solid; border-left-style: solid; border-color: inherit; border-right-width: 0px; border-bottom-width: var(--bs-border-width); border-left-width: 0px; background-color: var(--bs-table-bg); box-shadow: inset 0 0 0 9999px var(--bs-table-accent-bg);\">Cell</td><td style=\"padding: 0.5rem; line-height: 1.42857; border-top-width: 0px; border-right-style: solid; border-bottom-style: solid; border-left-style: solid; border-color: inherit; border-right-width: 0px; border-bottom-width: var(--bs-border-width); border-left-width: 0px; background-color: var(--bs-table-bg); box-shadow: inset 0 0 0 9999px var(--bs-table-accent-bg);\">Cell</td></tr><tr style=\"border-style: solid; border-width: 0px;\"><th scope=\"row\" style=\"padding: 0.5rem; text-align: -webkit-match-parent; line-height: 1.42857; border-top-width: 0px; border-right-style: solid; border-bottom-style: solid; border-left-style: solid; border-color: inherit; border-right-width: 0px; border-bottom-width: var(--bs-border-width); border-left-width: 0px; background-color: var(--bs-table-bg); box-shadow: inset 0 0 0 9999px var(--bs-table-accent-bg);\">الحد الأدنى لحجم الميزة</th><td style=\"padding: 0.5rem; line-height: 1.42857; border-top-width: 0px; border-right-style: solid; border-bottom-style: solid; border-left-style: solid; border-color: inherit; border-right-width: 0px; border-bottom-width: var(--bs-border-width); border-left-width: 0px; background-color: var(--bs-table-bg); box-shadow: inset 0 0 0 9999px var(--bs-table-accent-bg);\">Cell</td><td style=\"padding: 0.5rem; line-height: 1.42857; border-top-width: 0px; border-right-style: solid; border-bottom-style: solid; border-left-style: solid; border-color: inherit; border-right-width: 0px; border-bottom-width: var(--bs-border-width); border-left-width: 0px; background-color: var(--bs-table-bg); box-shadow: inset 0 0 0 9999px var(--bs-table-accent-bg);\">Cell</td><td style=\"padding: 0.5rem; line-height: 1.42857; border-top-width: 0px; border-right-style: solid; border-bottom-style: solid; border-left-style: solid; border-color: inherit; border-right-width: 0px; border-bottom-width: var(--bs-border-width); border-left-width: 0px; background-color: var(--bs-table-bg); box-shadow: inset 0 0 0 9999px var(--bs-table-accent-bg);\">Cell</td><td style=\"padding: 0.5rem; line-height: 1.42857; border-top-width: 0px; border-right-style: solid; border-bottom-style: solid; border-left-style: solid; border-color: inherit; border-right-width: 0px; border-bottom-width: var(--bs-border-width); border-left-width: 0px; background-color: var(--bs-table-bg); box-shadow: inset 0 0 0 9999px var(--bs-table-accent-bg);\">Cell</td><td style=\"padding: 0.5rem; line-height: 1.42857; border-top-width: 0px; border-right-style: solid; border-bottom-style: solid; border-left-style: solid; border-color: inherit; border-right-width: 0px; border-bottom-width: var(--bs-border-width); border-left-width: 0px; background-color: var(--bs-table-bg); box-shadow: inset 0 0 0 9999px var(--bs-table-accent-bg);\">Cell</td></tr><tr style=\"border-style: solid; border-width: 0px;\"><th scope=\"row\" style=\"padding: 0.5rem; text-align: -webkit-match-parent; line-height: 1.42857; border-top-width: 0px; border-right-style: solid; border-bottom-style: solid; border-left-style: solid; border-color: inherit; border-right-width: 0px; border-bottom-width: var(--bs-border-width); border-left-width: 0px; background-color: var(--bs-table-bg); box-shadow: inset 0 0 0 9999px var(--bs-table-accent-bg);\">تفاوت</th><td style=\"padding: 0.5rem; line-height: 1.42857; border-top-width: 0px; border-right-style: solid; border-bottom-style: solid; border-left-style: solid; border-color: inherit; border-right-width: 0px; border-bottom-width: var(--bs-border-width); border-left-width: 0px; background-color: var(--bs-table-bg); box-shadow: inset 0 0 0 9999px var(--bs-table-accent-bg);\">Cell</td><td style=\"padding: 0.5rem; line-height: 1.42857; border-top-width: 0px; border-right-style: solid; border-bottom-style: solid; border-left-style: solid; border-color: inherit; border-right-width: 0px; border-bottom-width: var(--bs-border-width); border-left-width: 0px; background-color: var(--bs-table-bg); box-shadow: inset 0 0 0 9999px var(--bs-table-accent-bg);\">Cell</td><td style=\"padding: 0.5rem; line-height: 1.42857; border-top-width: 0px; border-right-style: solid; border-bottom-style: solid; border-left-style: solid; border-color: inherit; border-right-width: 0px; border-bottom-width: var(--bs-border-width); border-left-width: 0px; background-color: var(--bs-table-bg); box-shadow: inset 0 0 0 9999px var(--bs-table-accent-bg);\">Cell</td><td style=\"padding: 0.5rem; line-height: 1.42857; border-top-width: 0px; border-right-style: solid; border-bottom-style: solid; border-left-style: solid; border-color: inherit; border-right-width: 0px; border-bottom-width: var(--bs-border-width); border-left-width: 0px; background-color: var(--bs-table-bg); box-shadow: inset 0 0 0 9999px var(--bs-table-accent-bg);\">Cell</td><td style=\"padding: 0.5rem; line-height: 1.42857; border-top-width: 0px; border-right-style: solid; border-bottom-style: solid; border-left-style: solid; border-color: inherit; border-right-width: 0px; border-bottom-width: var(--bs-border-width); border-left-width: 0px; background-color: var(--bs-table-bg); box-shadow: inset 0 0 0 9999px var(--bs-table-accent-bg);\">Cell</td></tr><tr style=\"border-style: solid; border-width: 0px;\"><th scope=\"row\" style=\"padding: 0.5rem; text-align: -webkit-match-parent; line-height: 1.42857; border-top-width: 0px; border-right-style: solid; border-bottom-style: solid; border-left-style: solid; border-color: inherit; border-right-width: 0px; border-bottom-width: var(--bs-border-width); border-left-width: 0px; background-color: var(--bs-table-bg); box-shadow: inset 0 0 0 9999px var(--bs-table-accent-bg);\">وصف</th><td style=\"padding: 0.5rem; line-height: 1.42857; border-top-width: 0px; border-right-style: solid; border-bottom-style: solid; border-left-style: solid; border-color: inherit; border-right-width: 0px; border-bottom-width: var(--bs-border-width); border-left-width: 0px; background-color: var(--bs-table-bg); box-shadow: inset 0 0 0 9999px var(--bs-table-accent-bg);\">Cell</td><td style=\"padding: 0.5rem; line-height: 1.42857; border-top-width: 0px; border-right-style: solid; border-bottom-style: solid; border-left-style: solid; border-color: inherit; border-right-width: 0px; border-bottom-width: var(--bs-border-width); border-left-width: 0px; background-color: var(--bs-table-bg); box-shadow: inset 0 0 0 9999px var(--bs-table-accent-bg);\">Cell</td><td style=\"padding: 0.5rem; line-height: 1.42857; border-top-width: 0px; border-right-style: solid; border-bottom-style: solid; border-left-style: solid; border-color: inherit; border-right-width: 0px; border-bottom-width: var(--bs-border-width); border-left-width: 0px; background-color: var(--bs-table-bg); box-shadow: inset 0 0 0 9999px var(--bs-table-accent-bg);\">Cell</td><td style=\"padding: 0.5rem; line-height: 1.42857; border-top-width: 0px; border-right-style: solid; border-bottom-style: solid; border-left-style: solid; border-color: inherit; border-right-width: 0px; border-bottom-width: var(--bs-border-width); border-left-width: 0px; background-color: var(--bs-table-bg); box-shadow: inset 0 0 0 9999px var(--bs-table-accent-bg);\">Cell</td><td style=\"padding: 0.5rem; line-height: 1.42857; border-top-width: 0px; border-right-style: solid; border-bottom-style: solid; border-left-style: solid; border-color: inherit; border-right-width: 0px; border-bottom-width: var(--bs-border-width); border-left-width: 0px; background-color: var(--bs-table-bg); box-shadow: inset 0 0 0 9999px var(--bs-table-accent-bg);\">Cell</td></tr></tbody></table>', NULL, NULL, 29, 'en', NULL, NULL);


INSERT INTO `category_products` (`id`, `category_id`, `product_id`, `created_at`, `updated_at`) VALUES
(74, 2, 21, '2023-03-12 11:38:02', '2023-03-12 11:38:02'),
(75, 3, 21, '2023-03-12 11:38:02', '2023-03-12 11:38:02'),
(79, 1, 20, '2023-03-13 05:11:32', '2023-03-13 05:11:32'),
(82, 2, 22, '2023-03-13 07:16:29', '2023-03-13 07:16:29'),
(83, 3, 22, '2023-03-13 07:16:29', '2023-03-13 07:16:29');
